Business ID,Business name,Store ID,Store name,Merchant store ID,Payout date,Currency,Channel,Subtotal,Subtotal tax passed to merchant,Commission,Payment processing fee,Marketing fees | (including any applicable taxes),Customer discounts from marketing | (funded by you),Customer discounts from marketing | (funded by DoorDash),Customer discounts from marketing | (funded by a third-party),DoorDash marketing credit,Third-party contribution,Error charges,Adjustments,Net total,Subtotal for tax,Subtotal tax remitted by DoorDash to tax authorities,Payout ID,Payout status
5579,McDonald's,657157,McDonald's (1447-LINDNWLD-W HORSE),1447,2025-09-08,USD,Marketplace,14438.62,875.69,-1751.87,0.00,-128.70,-1220.85,-220.36,-9.49,220.36,9.49,-290.91,0.00,11921.98,13217.77,0.00,512660979,PAID
5579,McDonald's,657157,McDonald's (1447-LINDNWLD-W HORSE),1447,2025-09-08,USD,Storefront,57.61,3.81,0.00,-3.75,0.00,0.00,0.00,0.00,0.00,0.00,0.00,0.00,57.67,57.61,0.00,512660979,PAID
5579,McDonald's,657157,McDonald's (1447-LINDNWLD-W HORSE),1447,2025-09-08,USD,NULL,0.00,0.00,0.00,0.00,0.00,0.00,0.00,0.00,0.00,0.00,0.00,85.00,85.00,0.00,0.00,512660979,PAID
5579,McDonald's,657157,McDonald's (1447-LINDNWLD-W HORSE),1447,2025-09-01,USD,Marketplace,16972.79,988.72,-1984.64,0.00,-108.90,-2048.70,-223.19,0.00,223.19,0.00,-141.72,0.00,13677.55,14924.09,0.00,510900825,PAID
5579,McDonald's,657157,McDonald's (1447-LINDNWLD-W HORSE),1447,2025-09-01,USD,NULL,0.00,0.00,0.00,0.00,0.00,0.00,0.00,0.00,0.00,0.00,0.00,77.69,77.69,0.00,0.00,510900825,PAID
5579,McDonald's,657157,McDonald's (1447-LINDNWLD-W HORSE),1447,2025-08-25,USD,Marketplace,15590.66,890.59,-1788.74,0.00,-98.01,-2146.22,-107.22,-33.83,107.22,33.83,-184.54,0.00,12263.74,13444.44,0.00,509132623,PAID
5579,McDonald's,657157,McDonald's (1447-LINDNWLD-W HORSE),1447,2025-08-25,USD,Storefront,5.79,0.38,0.00,-0.74,0.00,0.00,0.00,0.00,0.00,0.00,0.00,0.00,5.43,5.79,0.00,509132623,PAID
5579,McDonald's,657157,McDonald's (1447-LINDNWLD-W HORSE),1447,2025-08-25,USD,NULL,0.00,0.00,0.00,0.00,0.00,0.00,0.00,0.00,0.00,0.00,0.00,79.84,79.84,0.00,0.00,509132623,PAID
5579,McDonald's,657157,McDonald's (1447-LINDNWLD-W HORSE),1447,2025-08-18,USD,Marketplace,15965.70,920.64,-1849.23,0.00,-87.12,-2068.15,-156.75,-12.47,156.75,12.47,-190.52,0.00,12691.32,13897.55,0.00,507356160,PAID
5579,McDonald's,657157,McDonald's (1447-LINDNWLD-W HORSE),1447,2025-08-18,USD,NULL,0.00,0.00,0.00,0.00,0.00,0.00,0.00,0.00,0.00,0.00,0.00,114.09,114.09,0.00,0.00,507356160,PAID
5579,McDonald's,657157,McDonald's (1447-LINDNWLD-W HORSE),1447,2025-08-11,USD,Marketplace,15120.80,908.88,-1819.50,0.00,-213.84,-1400.95,-190.94,-14.34,190.94,14.34,-156.02,15.76,12455.13,13719.85,0.00,505617064,PAID
5579,McDonald's,657157,McDonald's (1447-LINDNWLD-W HORSE),1447,2025-08-11,USD,NULL,0.00,0.00,0.00,0.00,0.00,0.00,0.00,0.00,0.00,0.00,0.00,87.92,87.92,0.00,0.00,505617064,PAID
5579,McDonald's,657157,McDonald's (1447-LINDNWLD-W HORSE),1447,2025-08-04,USD,Marketplace,17573.32,987.68,-1978.28,0.00,-887.44,-2664.90,-120.25,-26.44,328.18,26.44,-160.28,0.00,13078.03,14908.42,0.00,503845570,PAID
5579,McDonald's,657157,McDonald's (1447-LINDNWLD-W HORSE),1447,2025-08-04,USD,NULL,0.00,0.00,0.00,0.00,0.00,0.00,0.00,0.00,0.00,0.00,0.00,85.74,85.74,0.00,0.00,503845570,PAID
5579,McDonald's,657157,McDonald's (1447-LINDNWLD-W HORSE),1447,2025-07-28,USD,Marketplace,17248.63,973.06,-1952.48,0.00,-456.39,-2560.98,-134.17,0.00,134.17,0.00,-233.76,0.00,13018.08,14687.65,0.00,502065587,PAID
5579,McDonald's,657157,McDonald's (1447-LINDNWLD-W HORSE),1447,2025-07-28,USD,NULL,0.00,0.00,0.00,0.00,0.00,0.00,0.00,0.00,0.00,0.00,0.00,82.50,82.50,0.00,0.00,502065587,PAID
5579,McDonald's,657157,McDonald's (1447-LINDNWLD-W HORSE),1447,2025-07-21,USD,Marketplace,16399.78,1018.86,-2044.83,0.00,-79.20,-1021.58,-191.96,0.00,191.96,0.00,-394.71,0.00,13878.32,15378.20,0.00,500281672,PAID
5579,McDonald's,657157,McDonald's (1447-LINDNWLD-W HORSE),1447,2025-07-21,USD,NULL,0.00,0.00,0.00,0.00,0.00,0.00,0.00,0.00,0.00,0.00,0.00,79.65,79.65,0.00,0.00,500281672,PAID
5579,McDonald's,657157,McDonald's (1447-LINDNWLD-W HORSE),1447,2025-07-14,USD,Marketplace,16018.78,956.74,-1918.11,0.00,-54.45,-1579.22,-163.93,0.00,163.93,0.00,-187.08,0.00,13236.66,14439.56,0.00,498486211,PAID
5579,McDonald's,657157,McDonald's (1447-LINDNWLD-W HORSE),1447,2025-07-14,USD,NULL,0.00,0.00,0.00,0.00,0.00,0.00,0.00,0.00,0.00,0.00,0.00,77.41,77.41,0.00,0.00,498486211,PAID
5579,McDonald's,657157,McDonald's (1447-LINDNWLD-W HORSE),1447,2025-07-07,USD,Marketplace,15533.94,943.92,-1885.38,0.00,-44.55,-1287.15,-332.94,0.00,332.94,0.00,-236.09,0.00,13024.69,14246.79,0.00,496701409,PAID
5579,McDonald's,657157,McDonald's (1447-LINDNWLD-W HORSE),1447,2025-07-07,USD,NULL,0.00,0.00,0.00,0.00,0.00,0.00,0.00,0.00,0.00,0.00,0.00,72.02,72.02,0.00,0.00,496701409,PAID
5579,McDonald's,657157,McDonald's (1447-LINDNWLD-W HORSE),1447,2025-06-30,USD,Marketplace,14449.59,921.61,-1848.67,0.00,0.00,-538.17,-396.97,0.00,396.97,0.00,-104.48,12.48,12892.36,13911.42,0.00,494937587,PAID
5579,McDonald's,657157,McDonald's (1447-LINDNWLD-W HORSE),1447,2025-06-30,USD,NULL,0.00,0.00,0.00,0.00,0.00,0.00,0.00,0.00,0.00,0.00,0.00,70.56,70.56,0.00,0.00,494937587,PAID
5579,McDonald's,657157,McDonald's (1447-LINDNWLD-W HORSE),1447,2025-06-23,USD,Marketplace,14111.65,889.91,-1779.17,0.00,0.00,-680.57,-196.90,0.00,196.90,0.00,-270.93,20.70,12291.59,13431.08,0.00,493186819,PAID
5579,McDonald's,657157,McDonald's (1447-LINDNWLD-W HORSE),1447,2025-06-23,USD,NULL,0.00,0.00,0.00,0.00,0.00,0.00,0.00,0.00,0.00,0.00,0.00,68.49,68.49,0.00,0.00,493186819,PAID
5579,McDonald's,657157,McDonald's (1447-LINDNWLD-W HORSE),1447,2025-06-16,USD,Marketplace,13697.56,832.05,-1664.85,0.00,0.00,-1138.67,-187.06,-9.13,187.06,9.13,-111.54,0.00,11614.55,12558.89,0.00,491416520,PAID
5579,McDonald's,657157,McDonald's (1447-LINDNWLD-W HORSE),1447,2025-06-16,USD,NULL,0.00,0.00,0.00,0.00,0.00,0.00,0.00,0.00,0.00,0.00,0.00,66.17,66.17,0.00,0.00,491416520,PAID
5579,McDonald's,657157,McDonald's (1447-LINDNWLD-W HORSE),1447,2025-06-09,USD,Marketplace,13233.28,832.93,-1656.33,0.00,0.00,-662.22,-156.87,0.00,156.87,0.00,-192.46,0.00,11555.20,12571.06,0.00,489667813,PAID
5579,McDonald's,657157,McDonald's (1447-LINDNWLD-W HORSE),1447,2025-06-09,USD,NULL,0.00,0.00,0.00,0.00,0.00,0.00,0.00,0.00,0.00,0.00,0.00,67.69,67.69,0.00,0.00,489667813,PAID
5579,McDonald's,657157,McDonald's (1447-LINDNWLD-W HORSE),1447,2025-06-02,USD,Marketplace,13537.12,887.48,-1774.04,0.00,0.00,-142.60,-176.95,0.00,176.95,0.00,-252.19,0.00,12255.77,13394.52,0.00,487909572,PAID
5579,McDonald's,657157,McDonald's (1447-LINDNWLD-W HORSE),1447,2025-06-02,USD,NULL,0.00,0.00,0.00,0.00,0.00,0.00,0.00,0.00,0.00,0.00,0.00,71.07,71.07,0.00,0.00,487909572,PAID
5579,McDonald's,657157,McDonald's (1447-LINDNWLD-W HORSE),1447,2025-05-26,USD,Marketplace,14214.07,912.77,-1827.05,0.00,0.00,-436.18,-127.36,0.00,127.36,0.00,-192.88,0.00,12670.73,13777.89,0.00,486135580,PAID
5579,McDonald's,657157,McDonald's (1447-LINDNWLD-W HORSE),1447,2025-05-26,USD,NULL,0.00,0.00,0.00,0.00,0.00,0.00,0.00,0.00,0.00,0.00,0.00,64.62,64.62,0.00,0.00,486135580,PAID
5579,McDonald's,657157,McDonald's (1447-LINDNWLD-W HORSE),1447,2025-05-19,USD,Marketplace,12924.53,845.34,-1686.38,0.00,0.00,-165.37,-212.21,0.00,212.21,0.00,-209.70,0.00,11708.42,12759.16,0.00,484367433,PAID
5579,McDonald's,657157,McDonald's (1447-LINDNWLD-W HORSE),1447,2025-05-19,USD,NULL,0.00,0.00,0.00,0.00,0.00,0.00,0.00,0.00,0.00,0.00,0.00,61.44,61.44,0.00,0.00,484367433,PAID
5579,McDonald's,657157,McDonald's (1447-LINDNWLD-W HORSE),1447,2025-05-12,USD,Marketplace,12287.47,792.68,-1583.12,0.00,0.00,-330.78,-187.40,0.00,187.40,0.00,-147.86,0.00,11025.58,11963.88,0.00,482616207,PAID
5579,McDonald's,657157,McDonald's (1447-LINDNWLD-W HORSE),1447,2025-05-12,USD,NULL,0.00,0.00,0.00,0.00,0.00,0.00,0.00,0.00,0.00,0.00,0.00,67.55,67.55,0.00,0.00,482616207,PAID
5579,McDonald's,659406,McDonald's (4592-OCEAN CITY),4592,2025-09-08,USD,Marketplace,2875.38,174.92,-341.50,0.00,-21.78,-235.03,-20.00,0.00,20.00,0.00,-11.00,0.00,2440.99,2640.35,0.00,512664645,PAID
5579,McDonald's,659406,McDonald's (4592-OCEAN CITY),4592,2025-09-08,USD,NULL,0.00,0.00,0.00,0.00,0.00,0.00,0.00,0.00,0.00,0.00,0.00,30.94,30.94,0.00,0.00,512664645,PAID
5579,McDonald's,659406,McDonald's (4592-OCEAN CITY),4592,2025-09-01,USD,Marketplace,6389.18,377.88,-736.12,0.00,-22.77,-684.38,-38.37,0.00,38.37,0.00,-53.91,0.00,5269.88,5704.80,0.00,510891475,PAID
5579,McDonald's,659406,McDonald's (4592-OCEAN CITY),4592,2025-09-01,USD,NULL,0.00,0.00,0.00,0.00,0.00,0.00,0.00,0.00,0.00,0.00,0.00,29.18,29.18,0.00,0.00,510891475,PAID
5579,McDonald's,659406,McDonald's (4592-OCEAN CITY),4592,2025-08-25,USD,Marketplace,5755.37,333.25,-657.46,0.00,-26.73,-724.49,-24.39,0.00,24.39,0.00,-53.47,0.00,4626.47,5030.88,0.00,509135018,PAID
5579,McDonald's,659406,McDonald's (4592-OCEAN CITY),4592,2025-08-25,USD,NULL,0.00,0.00,0.00,0.00,0.00,0.00,0.00,0.00,0.00,0.00,0.00,37.79,37.79,0.00,0.00,509135018,PAID
5579,McDonald's,659406,McDonald's (4592-OCEAN CITY),4592,2025-08-18,USD,Marketplace,7470.49,434.10,-851.08,0.00,-36.63,-917.61,-15.61,0.00,15.61,0.00,-133.41,0.00,5965.86,6552.88,0.00,507361510,PAID
5579,McDonald's,659406,McDonald's (4592-OCEAN CITY),4592,2025-08-18,USD,NULL,0.00,0.00,0.00,0.00,0.00,0.00,0.00,0.00,0.00,0.00,0.00,31.93,31.93,0.00,0.00,507361510,PAID
5579,McDonald's,659406,McDonald's (4592-OCEAN CITY),4592,2025-08-11,USD,Marketplace,6521.54,399.17,-775.33,0.00,-86.13,-496.41,-22.98,0.00,22.98,0.00,-136.65,0.00,5426.19,6025.13,0.00,505619795,PAID
5579,McDonald's,659406,McDonald's (4592-OCEAN CITY),4592,2025-08-11,USD,NULL,0.00,0.00,0.00,0.00,0.00,0.00,0.00,0.00,0.00,0.00,0.00,33.46,33.46,0.00,0.00,505619795,PAID
5579,McDonald's,659406,McDonald's (4592-OCEAN CITY),4592,2025-08-04,USD,Marketplace,6718.34,390.75,-768.46,0.00,-305.17,-820.72,-37.91,0.00,112.77,0.00,-247.98,0.00,5041.62,5897.62,0.00,503851200,PAID
5579,McDonald's,659406,McDonald's (4592-OCEAN CITY),4592,2025-08-04,USD,NULL,0.00,0.00,0.00,0.00,0.00,0.00,0.00,0.00,0.00,0.00,0.00,39.25,39.25,0.00,0.00,503851200,PAID
5579,McDonald's,659406,McDonald's (4592-OCEAN CITY),4592,2025-07-28,USD,Marketplace,7761.69,454.87,-878.72,0.00,-162.36,-895.78,-22.26,0.00,22.26,0.00,-151.52,0.00,6128.18,6865.48,0.00,502061591,PAID
5579,McDonald's,659406,McDonald's (4592-OCEAN CITY),4592,2025-07-28,USD,NULL,0.00,0.00,0.00,0.00,0.00,0.00,0.00,0.00,0.00,0.00,0.00,37.83,37.83,0.00,0.00,502061591,PAID
5579,McDonald's,659406,McDonald's (4592-OCEAN CITY),4592,2025-07-21,USD,Marketplace,7622.44,473.18,-928.31,0.00,-20.79,-479.38,-41.29,0.00,41.29,0.00,-177.52,0.00,6489.62,7143.06,0.00,500280888,PAID
5579,McDonald's,659406,McDonald's (4592-OCEAN CITY),4592,2025-07-21,USD,NULL,0.00,0.00,0.00,0.00,0.00,0.00,0.00,0.00,0.00,0.00,0.00,34.61,34.61,0.00,0.00,500280888,PAID
5579,McDonald's,659406,McDonald's (4592-OCEAN CITY),4592,2025-07-14,USD,Marketplace,6904.59,422.61,-822.82,0.00,-19.80,-525.80,-50.42,0.00,50.42,0.00,-137.88,0.00,5820.90,6378.79,0.00,498487017,PAID
5579,McDonald's,659406,McDonald's (4592-OCEAN CITY),4592,2025-07-14,USD,NULL,0.00,0.00,0.00,0.00,0.00,0.00,0.00,0.00,0.00,0.00,0.00,49.56,49.56,0.00,0.00,498487017,PAID
5579,McDonald's,659406,McDonald's (4592-OCEAN CITY),4592,2025-07-07,USD,Marketplace,9907.63,616.05,-1187.83,0.00,-24.75,-610.67,-110.17,0.00,110.17,0.00,-141.79,0.00,8558.64,9296.96,0.00,496701524,PAID
5579,McDonald's,659406,McDonald's (4592-OCEAN CITY),4592,2025-07-07,USD,NULL,0.00,0.00,0.00,0.00,0.00,0.00,0.00,0.00,0.00,0.00,0.00,29.36,29.36,0.00,0.00,496701524,PAID
5579,McDonald's,659406,McDonald's (4592-OCEAN CITY),4592,2025-06-30,USD,Marketplace,5962.43,382.48,-734.15,0.00,0.00,-189.55,-128.39,0.00,128.39,0.00,-49.14,0.00,5372.07,5772.88,0.00,494948296,PAID
5579,McDonald's,659406,McDonald's (4592-OCEAN CITY),4592,2025-06-30,USD,NULL,0.00,0.00,0.00,0.00,0.00,0.00,0.00,0.00,0.00,0.00,0.00,18.19,18.19,0.00,0.00,494948296,PAID
5579,McDonald's,659406,McDonald's (4592-OCEAN CITY),4592,2025-06-23,USD,Marketplace,3638.01,233.21,-439.74,0.00,0.00,-117.84,-29.47,0.00,29.47,0.00,-29.69,0.00,3283.95,3520.17,0.00,493181459,PAID
5579,McDonald's,659406,McDonald's (4592-OCEAN CITY),4592,2025-06-23,USD,NULL,0.00,0.00,0.00,0.00,0.00,0.00,0.00,0.00,0.00,0.00,0.00,12.78,12.78,0.00,0.00,493181459,PAID
5579,McDonald's,659406,McDonald's (4592-OCEAN CITY),4592,2025-06-16,USD,Marketplace,2556.62,159.83,-304.79,0.00,0.00,-144.16,-30.28,0.00,30.28,0.00,-18.92,0.00,2248.58,2412.46,0.00,491422249,PAID
5579,McDonald's,659406,McDonald's (4592-OCEAN CITY),4592,2025-06-09,USD,Marketplace,2730.35,167.88,-316.74,0.00,0.00,-196.23,-20.27,0.00,20.27,0.00,0.00,0.00,2385.26,2534.12,0.00,489661299,PAID
5579,McDonald's,659406,McDonald's (4592-OCEAN CITY),4592,2025-06-09,USD,NULL,0.00,0.00,0.00,0.00,0.00,0.00,0.00,0.00,0.00,0.00,0.00,12.63,12.63,0.00,0.00,489661299,PAID
5579,McDonald's,659406,McDonald's (4592-OCEAN CITY),4592,2025-06-02,USD,Marketplace,2782.23,180.90,-353.38,0.00,0.00,-51.03,-22.18,0.00,22.18,0.00,-26.00,0.00,2532.72,2731.20,0.00,487906788,PAID
5579,McDonald's,659406,McDonald's (4592-OCEAN CITY),4592,2025-06-02,USD,NULL,0.00,0.00,0.00,0.00,0.00,0.00,0.00,0.00,0.00,0.00,0.00,19.66,19.66,0.00,0.00,487906788,PAID
5579,McDonald's,659406,McDonald's (4592-OCEAN CITY),4592,2025-05-26,USD,Marketplace,3931.44,253.11,-488.44,0.00,0.00,-111.14,-45.89,0.00,45.89,0.00,-49.16,0.00,3535.81,3827.49,0.00,486137227,PAID
5579,McDonald's,659406,McDonald's (4592-OCEAN CITY),4592,2025-05-26,USD,NULL,0.00,0.00,0.00,0.00,0.00,0.00,0.00,0.00,0.00,0.00,0.00,7.36,7.36,0.00,0.00,486137227,PAID
5579,McDonald's,659406,McDonald's (4592-OCEAN CITY),4592,2025-05-19,USD,Marketplace,1944.46,126.95,-252.15,0.00,0.00,-28.76,-28.29,0.00,28.29,0.00,-7.36,0.00,1783.14,1915.70,0.00,484358789,PAID
5579,McDonald's,659406,McDonald's (4592-OCEAN CITY),4592,2025-05-19,USD,NULL,0.00,0.00,0.00,0.00,0.00,0.00,0.00,0.00,0.00,0.00,0.00,8.20,8.20,0.00,0.00,484358789,PAID
5579,McDonald's,659406,McDonald's (4592-OCEAN CITY),4592,2025-05-12,USD,Marketplace,1640.01,107.41,-211.33,0.00,0.00,-19.16,-32.40,0.00,32.40,0.00,-27.82,0.00,1489.11,1620.85,0.00,482610728,PAID
5579,McDonald's,659406,McDonald's (4592-OCEAN CITY),4592,2025-05-12,USD,NULL,0.00,0.00,0.00,0.00,0.00,0.00,0.00,0.00,0.00,0.00,0.00,8.12,8.12,0.00,0.00,482610728,PAID
5579,McDonald's,946236,McDonald's (12008-CROSS KEYS),12008,2025-09-08,USD,Marketplace,7252.20,430.57,-872.49,0.00,-54.45,-753.08,-78.43,0.00,78.43,0.00,-64.11,0.00,5938.64,6498.93,0.00,512659586,PAID
5579,McDonald's,946236,McDonald's (12008-CROSS KEYS),12008,2025-09-08,USD,Storefront,32.73,2.17,0.00,-2.34,0.00,0.00,0.00,0.00,0.00,0.00,0.00,0.00,32.56,32.73,0.00,512659586,PAID
5579,McDonald's,946236,McDonald's (12008-CROSS KEYS),12008,2025-09-08,USD,NULL,0.00,0.00,0.00,0.00,0.00,0.00,0.00,0.00,0.00,0.00,0.00,41.72,41.72,0.00,0.00,512659586,PAID
5579,McDonald's,946236,McDonald's (12008-CROSS KEYS),12008,2025-09-01,USD,Marketplace,8473.84,489.92,-987.39,0.00,-51.48,-1078.42,-74.77,0.00,74.77,0.00,-84.34,0.00,6762.13,7395.42,0.00,510899567,PAID
5579,McDonald's,946236,McDonald's (12008-CROSS KEYS),12008,2025-09-01,USD,NULL,0.00,0.00,0.00,0.00,0.00,0.00,0.00,0.00,0.00,0.00,0.00,29.23,29.23,0.00,0.00,510899567,PAID
5579,McDonald's,946236,McDonald's (12008-CROSS KEYS),12008,2025-08-25,USD,Marketplace,5779.83,330.33,-665.91,0.00,-29.70,-793.30,-53.51,-6.54,53.51,6.54,-157.14,0.00,4464.11,4986.53,0.00,509132878,PAID
5579,McDonald's,946236,McDonald's (12008-CROSS KEYS),12008,2025-08-25,USD,Storefront,32.84,2.18,0.00,-1.78,0.00,0.00,0.00,0.00,0.00,0.00,0.00,0.00,33.24,32.84,0.00,509132878,PAID
5579,McDonald's,946236,McDonald's (12008-CROSS KEYS),12008,2025-08-25,USD,NULL,0.00,0.00,0.00,0.00,0.00,0.00,0.00,0.00,0.00,0.00,0.00,26.94,26.94,0.00,0.00,509132878,PAID
5579,McDonald's,946236,McDonald's (12008-CROSS KEYS),12008,2025-08-18,USD,Marketplace,5419.16,305.76,-613.37,0.00,-112.96,-802.76,0.00,-8.63,0.00,8.63,-54.80,0.00,4141.03,4616.40,0.00,507355857,PAID
5579,McDonald's,946236,McDonald's (12008-CROSS KEYS),12008,2025-08-18,USD,NULL,0.00,0.00,0.00,0.00,0.00,0.00,0.00,0.00,0.00,0.00,0.00,30.22,30.22,0.00,0.00,507355857,PAID
5579,McDonald's,946236,McDonald's (12008-CROSS KEYS),12008,2025-08-11,USD,Marketplace,6047.47,357.80,-714.54,0.00,-221.66,-646.20,-45.25,0.00,45.25,0.00,-40.03,0.00,4782.84,5401.27,0.00,505608132,PAID
5579,McDonald's,946236,McDonald's (12008-CROSS KEYS),12008,2025-08-11,USD,NULL,0.00,0.00,0.00,0.00,0.00,0.00,0.00,0.00,0.00,0.00,0.00,30.54,30.54,0.00,0.00,505608132,PAID
5579,McDonald's,946236,McDonald's (12008-CROSS KEYS),12008,2025-08-04,USD,Marketplace,6103.96,357.84,-718.48,0.00,-188.41,-703.74,-57.27,0.00,174.40,0.00,-68.66,0.00,4899.64,5400.22,0.00,503841137,PAID
5579,McDonald's,946236,McDonald's (12008-CROSS KEYS),12008,2025-08-04,USD,NULL,0.00,0.00,0.00,0.00,0.00,0.00,0.00,0.00,0.00,0.00,0.00,31.03,31.03,0.00,0.00,503841137,PAID
5579,McDonald's,946236,McDonald's (12008-CROSS KEYS),12008,2025-07-28,USD,Marketplace,6106.48,350.60,-706.68,0.00,-95.04,-814.41,-58.18,0.00,58.18,0.00,-77.83,0.00,4763.12,5292.07,0.00,502066230,PAID
5579,McDonald's,946236,McDonald's (12008-CROSS KEYS),12008,2025-07-28,USD,NULL,0.00,0.00,0.00,0.00,0.00,0.00,0.00,0.00,0.00,0.00,0.00,29.35,29.35,0.00,0.00,502066230,PAID
5579,McDonald's,946236,McDonald's (12008-CROSS KEYS),12008,2025-07-21,USD,Marketplace,5951.78,340.13,-685.53,0.00,-192.06,-817.16,-37.95,0.00,37.95,0.00,-55.77,0.00,4541.39,5134.62,0.00,500286031,PAID
5579,McDonald's,946236,McDonald's (12008-CROSS KEYS),12008,2025-07-21,USD,NULL,0.00,0.00,0.00,0.00,0.00,0.00,0.00,0.00,0.00,0.00,0.00,29.61,29.61,0.00,0.00,500286031,PAID
5579,McDonald's,946236,McDonald's (12008-CROSS KEYS),12008,2025-07-14,USD,Marketplace,5939.29,334.22,-675.66,0.00,-130.68,-894.45,-39.44,0.00,39.44,0.00,-72.29,0.00,4500.43,5044.84,0.00,498491025,PAID
5579,McDonald's,946236,McDonald's (12008-CROSS KEYS),12008,2025-07-14,USD,NULL,0.00,0.00,0.00,0.00,0.00,0.00,0.00,0.00,0.00,0.00,0.00,29.20,29.20,0.00,0.00,498491025,PAID
5579,McDonald's,946236,McDonald's (12008-CROSS KEYS),12008,2025-07-07,USD,Marketplace,5768.47,337.51,-682.14,0.00,-19.80,-674.31,-99.05,0.00,99.05,0.00,-37.43,0.00,4692.30,5094.16,0.00,496703875,PAID
5579,McDonald's,946236,McDonald's (12008-CROSS KEYS),12008,2025-07-07,USD,NULL,0.00,0.00,0.00,0.00,0.00,0.00,0.00,0.00,0.00,0.00,0.00,31.69,31.69,0.00,0.00,496703875,PAID
5579,McDonald's,946236,McDonald's (12008-CROSS KEYS),12008,2025-06-30,USD,Marketplace,6424.60,407.34,-823.22,0.00,0.00,-276.02,-138.39,0.00,138.39,0.00,-65.84,0.00,5666.86,6148.58,0.00,494948045,PAID
5579,McDonald's,946236,McDonald's (12008-CROSS KEYS),12008,2025-06-30,USD,NULL,0.00,0.00,0.00,0.00,0.00,0.00,0.00,0.00,0.00,0.00,0.00,27.35,27.35,0.00,0.00,494948045,PAID
5579,McDonald's,946236,McDonald's (12008-CROSS KEYS),12008,2025-06-23,USD,Marketplace,5469.54,345.45,-697.31,0.00,0.00,-254.45,-62.64,0.00,62.64,0.00,-35.96,0.00,4827.27,5215.09,0.00,493185055,PAID
5579,McDonald's,946236,McDonald's (12008-CROSS KEYS),12008,2025-06-23,USD,NULL,0.00,0.00,0.00,0.00,0.00,0.00,0.00,0.00,0.00,0.00,0.00,31.09,31.09,0.00,0.00,493185055,PAID
5579,McDonald's,946236,McDonald's (12008-CROSS KEYS),12008,2025-06-16,USD,Marketplace,6217.54,381.97,-767.95,0.00,0.00,-452.24,-25.90,0.00,25.90,0.00,-102.82,0.00,5276.50,5765.30,0.00,491417852,PAID
5579,McDonald's,946236,McDonald's (12008-CROSS KEYS),12008,2025-06-16,USD,NULL,0.00,0.00,0.00,0.00,0.00,0.00,0.00,0.00,0.00,0.00,0.00,28.75,28.75,0.00,0.00,491417852,PAID
5579,McDonald's,946236,McDonald's (12008-CROSS KEYS),12008,2025-06-09,USD,Marketplace,5749.51,365.08,-733.33,0.00,0.00,-239.50,-48.96,0.00,48.96,0.00,-48.89,0.00,5092.87,5510.01,0.00,489661804,PAID
5579,McDonald's,946236,McDonald's (12008-CROSS KEYS),12008,2025-06-09,USD,NULL,0.00,0.00,0.00,0.00,0.00,0.00,0.00,0.00,0.00,0.00,0.00,31.32,31.32,0.00,0.00,489661804,PAID
5579,McDonald's,946236,McDonald's (12008-CROSS KEYS),12008,2025-06-02,USD,Marketplace,6264.48,408.49,-822.79,0.00,0.00,-99.46,-130.41,0.00,130.41,0.00,-129.50,0.00,5621.22,6165.02,0.00,487906575,PAID
5579,McDonald's,946236,McDonald's (12008-CROSS KEYS),12008,2025-06-02,USD,NULL,0.00,0.00,0.00,0.00,0.00,0.00,0.00,0.00,0.00,0.00,0.00,33.47,33.47,0.00,0.00,487906575,PAID
5579,McDonald's,946236,McDonald's (12008-CROSS KEYS),12008,2025-05-26,USD,Marketplace,6694.57,431.32,-865.15,0.00,0.00,-184.54,-64.82,0.00,64.82,0.00,-90.54,0.00,5985.66,6510.03,0.00,486132894,PAID
5579,McDonald's,946236,McDonald's (12008-CROSS KEYS),12008,2025-05-26,USD,NULL,0.00,0.00,0.00,0.00,0.00,0.00,0.00,0.00,0.00,0.00,0.00,26.99,26.99,0.00,0.00,486132894,PAID
5579,McDonald's,946236,McDonald's (12008-CROSS KEYS),12008,2025-05-19,USD,Marketplace,5397.04,353.33,-704.92,0.00,0.00,-64.71,-53.23,0.00,53.23,0.00,-29.72,0.00,4951.02,5332.33,0.00,484366593,PAID
5579,McDonald's,946236,McDonald's (12008-CROSS KEYS),12008,2025-05-19,USD,NULL,0.00,0.00,0.00,0.00,0.00,0.00,0.00,0.00,0.00,0.00,0.00,25.71,25.71,0.00,0.00,484366593,PAID
5579,McDonald's,946236,McDonald's (12008-CROSS KEYS),12008,2025-05-12,USD,Marketplace,5142.49,335.59,-673.67,0.00,0.00,-77.66,-65.31,0.00,65.31,0.00,-104.86,0.00,4621.89,5064.83,0.00,482603070,PAID
5579,McDonald's,946236,McDonald's (12008-CROSS KEYS),12008,2025-05-12,USD,NULL,0.00,0.00,0.00,0.00,0.00,0.00,0.00,0.00,0.00,0.00,0.00,38.27,38.27,0.00,0.00,482603070,PAID
5579,McDonald's,946241,McDonald's (18170-NO WOODBURY),18170,2025-09-08,USD,Marketplace,10938.27,664.15,-1330.33,0.00,-83.16,-913.52,-125.88,0.00,125.88,0.00,-164.71,0.00,9110.70,10024.75,0.00,512656816,PAID
5579,McDonald's,946241,McDonald's (18170-NO WOODBURY),18170,2025-09-08,USD,Storefront,45.42,3.01,0.00,-3.33,0.00,0.00,0.00,0.00,0.00,0.00,0.00,0.00,45.10,45.42,0.00,512656816,PAID
5579,McDonald's,946241,McDonald's (18170-NO WOODBURY),18170,2025-09-08,USD,NULL,0.00,0.00,0.00,0.00,0.00,0.00,0.00,0.00,0.00,0.00,0.00,62.96,62.96,0.00,0.00,512656816,PAID
5579,McDonald's,946241,McDonald's (18170-NO WOODBURY),18170,2025-09-01,USD,Marketplace,12405.68,718.34,-1444.08,0.00,-74.25,-1561.75,-141.57,0.00,141.57,0.00,-266.08,0.00,9777.86,10843.93,0.00,510897620,PAID
5579,McDonald's,946241,McDonald's (18170-NO WOODBURY),18170,2025-09-01,USD,Storefront,23.04,1.53,0.00,-1.38,0.00,0.00,0.00,0.00,0.00,0.00,0.00,0.00,23.19,23.04,0.00,510897620,PAID
5579,McDonald's,946241,McDonald's (18170-NO WOODBURY),18170,2025-09-01,USD,NULL,0.00,0.00,0.00,0.00,0.00,0.00,0.00,0.00,0.00,0.00,0.00,58.55,58.55,0.00,0.00,510897620,PAID
5579,McDonald's,946241,McDonald's (18170-NO WOODBURY),18170,2025-08-25,USD,Marketplace,11826.96,669.18,-1349.21,0.00,-84.15,-1726.04,-66.46,-14.26,66.46,14.26,-295.95,0.00,9040.79,10100.92,0.00,509136359,PAID
5579,McDonald's,946241,McDonald's (18170-NO WOODBURY),18170,2025-08-25,USD,Storefront,19.48,1.29,0.00,-1.16,0.00,0.00,0.00,0.00,0.00,0.00,0.00,0.00,19.61,19.48,0.00,509136359,PAID
5579,McDonald's,946241,McDonald's (18170-NO WOODBURY),18170,2025-08-25,USD,NULL,0.00,0.00,0.00,0.00,0.00,0.00,0.00,0.00,0.00,0.00,0.00,57.94,57.94,0.00,0.00,509136359,PAID
5579,McDonald's,946241,McDonald's (18170-NO WOODBURY),18170,2025-08-18,USD,Marketplace,11585.94,655.78,-1310.54,0.00,-236.61,-1685.27,-56.35,0.00,56.35,0.00,-144.94,0.00,8864.36,9900.17,0.00,507366304,PAID
5579,McDonald's,946241,McDonald's (18170-NO WOODBURY),18170,2025-08-18,USD,Storefront,52.64,3.49,0.00,-2.94,0.00,0.00,0.00,0.00,0.00,0.00,0.00,0.00,53.19,52.64,0.00,507366304,PAID
5579,McDonald's,946241,McDonald's (18170-NO WOODBURY),18170,2025-08-18,USD,NULL,0.00,0.00,0.00,0.00,0.00,0.00,0.00,0.00,0.00,0.00,0.00,58.85,58.85,0.00,0.00,507366304,PAID
5579,McDonald's,946241,McDonald's (18170-NO WOODBURY),18170,2025-08-11,USD,Marketplace,11676.21,692.25,-1400.94,0.00,-444.47,-1226.40,-90.48,-24.83,90.48,24.83,-162.84,0.00,9133.81,10449.81,0.00,505611825,PAID
5579,McDonald's,946241,McDonald's (18170-NO WOODBURY),18170,2025-08-11,USD,NULL,0.00,0.00,0.00,0.00,0.00,0.00,0.00,0.00,0.00,0.00,0.00,61.66,61.66,0.00,0.00,505611825,PAID
5579,McDonald's,946241,McDonald's (18170-NO WOODBURY),18170,2025-08-04,USD,Marketplace,12325.41,726.99,-1450.80,0.00,-337.36,-1352.02,-113.85,0.00,278.95,0.00,-226.48,0.00,9850.84,10973.39,0.00,503845875,PAID
5579,McDonald's,946241,McDonald's (18170-NO WOODBURY),18170,2025-08-04,USD,NULL,0.00,0.00,0.00,0.00,0.00,0.00,0.00,0.00,0.00,0.00,0.00,68.52,68.52,0.00,0.00,503845875,PAID
5579,McDonald's,946241,McDonald's (18170-NO WOODBURY),18170,2025-07-28,USD,Marketplace,13700.43,794.27,-1587.53,0.00,-250.13,-1711.00,-103.98,0.00,103.98,0.00,-283.74,0.00,10662.30,11989.43,0.00,502064245,PAID
5579,McDonald's,946241,McDonald's (18170-NO WOODBURY),18170,2025-07-28,USD,NULL,0.00,0.00,0.00,0.00,0.00,0.00,0.00,0.00,0.00,0.00,0.00,59.81,59.81,0.00,0.00,502064245,PAID
5579,McDonald's,946241,McDonald's (18170-NO WOODBURY),18170,2025-07-21,USD,Marketplace,11974.14,680.41,-1363.45,0.00,-416.20,-1702.54,-67.80,0.00,67.80,0.00,-225.38,0.00,8946.98,10271.60,0.00,500284365,PAID
5579,McDonald's,946241,McDonald's (18170-NO WOODBURY),18170,2025-07-21,USD,NULL,0.00,0.00,0.00,0.00,0.00,0.00,0.00,0.00,0.00,0.00,0.00,67.54,67.54,0.00,0.00,500284365,PAID
5579,McDonald's,946241,McDonald's (18170-NO WOODBURY),18170,2025-07-14,USD,Marketplace,13460.22,761.70,-1524.93,0.00,-289.02,-1963.69,-86.13,0.00,86.13,0.00,-259.36,0.00,10184.92,11496.53,0.00,498486127,PAID
5579,McDonald's,946241,McDonald's (18170-NO WOODBURY),18170,2025-07-14,USD,NULL,0.00,0.00,0.00,0.00,0.00,0.00,0.00,0.00,0.00,0.00,0.00,76.21,76.21,0.00,0.00,498486127,PAID
5579,McDonald's,946241,McDonald's (18170-NO WOODBURY),18170,2025-07-07,USD,Marketplace,10993.05,651.33,-1309.91,0.00,-39.60,-1160.12,-302.44,0.00,302.44,0.00,-137.76,0.00,8996.99,9832.93,0.00,496699114,PAID
5579,McDonald's,946241,McDonald's (18170-NO WOODBURY),18170,2025-07-07,USD,NULL,0.00,0.00,0.00,0.00,0.00,0.00,0.00,0.00,0.00,0.00,0.00,52.84,52.84,0.00,0.00,496699114,PAID
5579,McDonald's,946241,McDonald's (18170-NO WOODBURY),18170,2025-06-30,USD,Marketplace,10686.51,682.74,-1368.30,0.00,0.00,-380.88,-339.92,0.00,339.92,0.00,-274.15,0.00,9345.92,10305.63,0.00,494942479,PAID
5579,McDonald's,946241,McDonald's (18170-NO WOODBURY),18170,2025-06-30,USD,NULL,0.00,0.00,0.00,0.00,0.00,0.00,0.00,0.00,0.00,0.00,0.00,50.49,50.49,0.00,0.00,494942479,PAID
5579,McDonald's,946241,McDonald's (18170-NO WOODBURY),18170,2025-06-23,USD,Marketplace,10098.09,641.56,-1288.50,0.00,0.00,-414.73,-77.52,0.00,77.52,0.00,-102.08,0.00,8934.34,9683.36,0.00,493184750,PAID
5579,McDonald's,946241,McDonald's (18170-NO WOODBURY),18170,2025-06-23,USD,NULL,0.00,0.00,0.00,0.00,0.00,0.00,0.00,0.00,0.00,0.00,0.00,41.95,41.95,0.00,0.00,493184750,PAID
5579,McDonald's,946241,McDonald's (18170-NO WOODBURY),18170,2025-06-16,USD,Marketplace,8390.75,507.85,-1016.57,0.00,0.00,-724.77,-112.51,-11.44,112.51,11.44,-120.76,0.00,7036.50,7665.98,0.00,491420314,PAID
5579,McDonald's,946241,McDonald's (18170-NO WOODBURY),18170,2025-06-16,USD,NULL,0.00,0.00,0.00,0.00,0.00,0.00,0.00,0.00,0.00,0.00,0.00,46.33,46.33,0.00,0.00,491420314,PAID
5579,McDonald's,946241,McDonald's (18170-NO WOODBURY),18170,2025-06-09,USD,Marketplace,9265.74,579.81,-1160.75,0.00,0.00,-512.04,-111.72,0.00,111.72,0.00,-213.75,0.00,7959.01,8753.70,0.00,489664708,PAID
5579,McDonald's,946241,McDonald's (18170-NO WOODBURY),18170,2025-06-09,USD,NULL,0.00,0.00,0.00,0.00,0.00,0.00,0.00,0.00,0.00,0.00,0.00,41.39,41.39,0.00,0.00,489664708,PAID
5579,McDonald's,946241,McDonald's (18170-NO WOODBURY),18170,2025-06-02,USD,Marketplace,8278.81,537.09,-1076.05,0.00,0.00,-171.36,-110.04,0.00,110.04,0.00,-148.22,0.00,7420.27,8107.45,0.00,487907146,PAID
5579,McDonald's,946241,McDonald's (18170-NO WOODBURY),18170,2025-06-02,USD,NULL,0.00,0.00,0.00,0.00,0.00,0.00,0.00,0.00,0.00,0.00,0.00,44.62,44.62,0.00,0.00,487907146,PAID
5579,McDonald's,946241,McDonald's (18170-NO WOODBURY),18170,2025-05-26,USD,Marketplace,8924.56,574.22,-1142.08,0.00,0.00,-256.44,-133.77,0.00,133.77,0.00,-96.54,0.00,8003.72,8668.12,0.00,486143627,PAID
5579,McDonald's,946241,McDonald's (18170-NO WOODBURY),18170,2025-05-26,USD,NULL,0.00,0.00,0.00,0.00,0.00,0.00,0.00,0.00,0.00,0.00,0.00,43.45,43.45,0.00,0.00,486143627,PAID
5579,McDonald's,946241,McDonald's (18170-NO WOODBURY),18170,2025-05-19,USD,Marketplace,8689.17,569.43,-1139.64,0.00,0.00,-93.47,-185.01,0.00,185.01,0.00,-138.46,0.00,7887.03,8595.70,0.00,484360373,PAID
5579,McDonald's,946241,McDonald's (18170-NO WOODBURY),18170,2025-05-19,USD,NULL,0.00,0.00,0.00,0.00,0.00,0.00,0.00,0.00,0.00,0.00,0.00,51.10,51.10,0.00,0.00,484360373,PAID
5579,McDonald's,946241,McDonald's (18170-NO WOODBURY),18170,2025-05-12,USD,Marketplace,10219.07,659.70,-1318.64,0.00,0.00,-262.61,-132.69,0.00,132.69,0.00,-231.33,0.00,9066.19,9956.46,0.00,482615606,PAID
5579,McDonald's,946241,McDonald's (18170-NO WOODBURY),18170,2025-05-12,USD,NULL,0.00,0.00,0.00,0.00,0.00,0.00,0.00,0.00,0.00,0.00,0.00,51.35,51.35,0.00,0.00,482615606,PAID
5579,McDonald's,946252,McDonald's (18576-WINSLOW),18576,2025-09-08,USD,Marketplace,10703.65,638.93,-1389.95,0.00,-87.12,-1059.81,-160.14,0.00,160.14,0.00,-360.81,0.00,8444.89,9660.53,0.00,512658843,PAID
5579,McDonald's,946252,McDonald's (18576-WINSLOW),18576,2025-09-08,USD,Storefront,26.11,1.73,0.00,-1.38,0.00,0.00,0.00,0.00,0.00,0.00,0.00,0.00,26.46,26.11,0.00,512658843,PAID
5579,McDonald's,946252,McDonald's (18576-WINSLOW),18576,2025-09-08,USD,NULL,0.00,0.00,0.00,0.00,0.00,0.00,0.00,0.00,0.00,0.00,0.00,63.43,63.43,0.00,0.00,512658843,PAID
5579,McDonald's,946252,McDonald's (18576-WINSLOW),18576,2025-09-01,USD,Marketplace,12669.79,729.06,-1582.40,0.00,-98.01,-1672.58,-103.73,-11.94,103.73,11.94,-511.23,0.00,9534.63,11004.40,0.00,510903570,PAID
5579,McDonald's,946252,McDonald's (18576-WINSLOW),18576,2025-09-01,USD,Storefront,32.46,2.15,0.00,-1.72,0.00,0.00,0.00,0.00,0.00,0.00,0.00,0.00,32.89,32.46,0.00,510903570,PAID
5579,McDonald's,946252,McDonald's (18576-WINSLOW),18576,2025-09-01,USD,NULL,0.00,0.00,0.00,0.00,0.00,0.00,0.00,0.00,0.00,0.00,0.00,52.55,52.55,0.00,0.00,510903570,PAID
5579,McDonald's,946252,McDonald's (18576-WINSLOW),18576,2025-08-25,USD,Marketplace,10434.28,605.42,-1304.30,0.00,-60.39,-1294.65,-114.25,-14.81,114.25,14.81,-259.28,121.29,8242.37,9139.63,0.00,509132434,PAID
5579,McDonald's,946252,McDonald's (18576-WINSLOW),18576,2025-08-25,USD,NULL,0.00,0.00,0.00,0.00,0.00,0.00,0.00,0.00,0.00,0.00,0.00,48.17,48.17,0.00,0.00,509132434,PAID
5579,McDonald's,946252,McDonald's (18576-WINSLOW),18576,2025-08-18,USD,Marketplace,9644.04,558.28,-1210.90,0.00,-108.90,-1217.74,-75.63,0.00,75.63,0.00,-236.64,0.00,7428.14,8426.30,0.00,507356087,PAID
5579,McDonald's,946252,McDonald's (18576-WINSLOW),18576,2025-08-18,USD,Storefront,19.98,1.32,0.00,-1.30,0.00,0.00,0.00,0.00,0.00,0.00,0.00,0.00,20.00,19.98,0.00,507356087,PAID
5579,McDonald's,946252,McDonald's (18576-WINSLOW),18576,2025-08-18,USD,NULL,0.00,0.00,0.00,0.00,0.00,0.00,0.00,0.00,0.00,0.00,0.00,46.01,46.01,0.00,0.00,507356087,PAID
5579,McDonald's,946252,McDonald's (18576-WINSLOW),18576,2025-08-11,USD,Marketplace,9064.89,539.65,-1171.66,0.00,-264.33,-919.54,-49.59,-17.43,49.59,17.43,-183.70,0.00,7065.31,8145.35,0.00,505608274,PAID
5579,McDonald's,946252,McDonald's (18576-WINSLOW),18576,2025-08-11,USD,Storefront,115.21,7.63,0.00,-5.74,0.00,0.00,0.00,0.00,0.00,0.00,0.00,0.00,117.10,115.21,0.00,505608274,PAID
5579,McDonald's,946252,McDonald's (18576-WINSLOW),18576,2025-08-11,USD,NULL,0.00,0.00,0.00,0.00,0.00,0.00,0.00,0.00,0.00,0.00,0.00,52.97,52.97,0.00,0.00,505608274,PAID
5579,McDonald's,946252,McDonald's (18576-WINSLOW),18576,2025-08-04,USD,Marketplace,10541.53,639.69,-1376.18,0.00,-197.01,-890.97,-130.06,-27.45,251.83,27.45,-216.54,0.00,8622.29,9656.05,0.00,503853604,PAID
5579,McDonald's,946252,McDonald's (18576-WINSLOW),18576,2025-08-04,USD,NULL,0.00,0.00,0.00,0.00,0.00,0.00,0.00,0.00,0.00,0.00,0.00,55.80,55.80,0.00,0.00,503853604,PAID
5579,McDonald's,946252,McDonald's (18576-WINSLOW),18576,2025-07-28,USD,Marketplace,11211.50,658.45,-1418.76,0.00,-92.07,-1274.05,-118.23,0.00,118.23,0.00,-279.30,0.00,8805.77,9937.45,0.00,502064957,PAID
5579,McDonald's,946252,McDonald's (18576-WINSLOW),18576,2025-07-28,USD,NULL,0.00,0.00,0.00,0.00,0.00,0.00,0.00,0.00,0.00,0.00,0.00,50.52,50.52,0.00,0.00,502064957,PAID
5579,McDonald's,946252,McDonald's (18576-WINSLOW),18576,2025-07-21,USD,Marketplace,10145.53,614.37,-1334.69,0.00,-86.13,-874.46,-79.85,0.00,79.85,0.00,-157.54,155.10,8462.18,9271.07,0.00,500286824,PAID
5579,McDonald's,946252,McDonald's (18576-WINSLOW),18576,2025-07-21,USD,NULL,0.00,0.00,0.00,0.00,0.00,0.00,0.00,0.00,0.00,0.00,0.00,56.15,56.15,0.00,0.00,500286824,PAID
5579,McDonald's,946252,McDonald's (18576-WINSLOW),18576,2025-07-14,USD,Marketplace,11276.51,667.18,-1445.91,0.00,-94.05,-1205.57,-137.57,0.00,137.57,0.00,-384.57,0.00,8813.59,10070.94,0.00,498490073,PAID
5579,McDonald's,946252,McDonald's (18576-WINSLOW),18576,2025-07-14,USD,NULL,0.00,0.00,0.00,0.00,0.00,0.00,0.00,0.00,0.00,0.00,0.00,70.61,70.61,0.00,0.00,498490073,PAID
5579,McDonald's,946252,McDonald's (18576-WINSLOW),18576,2025-07-07,USD,Marketplace,8671.15,529.64,-1141.89,0.00,-32.67,-676.61,-185.90,0.00,185.90,0.00,-158.57,89.43,7280.48,7994.54,0.00,496701757,PAID
5579,McDonald's,946252,McDonald's (18576-WINSLOW),18576,2025-07-07,USD,NULL,0.00,0.00,0.00,0.00,0.00,0.00,0.00,0.00,0.00,0.00,0.00,32.69,32.69,0.00,0.00,496701757,PAID
5579,McDonald's,946252,McDonald's (18576-WINSLOW),18576,2025-06-30,USD,Marketplace,6593.36,426.78,-917.18,0.00,0.00,-152.90,-173.20,-9.24,173.20,9.24,-145.88,0.00,5804.18,6440.46,0.00,494942287,PAID
5579,McDonald's,946252,McDonald's (18576-WINSLOW),18576,2025-06-30,USD,NULL,0.00,0.00,0.00,0.00,0.00,0.00,0.00,0.00,0.00,0.00,0.00,21.58,21.58,0.00,0.00,494942287,PAID
5579,McDonald's,946252,McDonald's (18576-WINSLOW),18576,2025-06-23,USD,Marketplace,4315.95,282.37,-607.49,0.00,0.00,-54.53,-68.91,0.00,68.91,0.00,-114.19,123.65,3945.76,4261.42,0.00,493180058,PAID
5579,McDonald's,946252,McDonald's (18576-WINSLOW),18576,2025-06-23,USD,NULL,0.00,0.00,0.00,0.00,0.00,0.00,0.00,0.00,0.00,0.00,0.00,19.38,19.38,0.00,0.00,493180058,PAID
5579,McDonald's,946252,McDonald's (18576-WINSLOW),18576,2025-06-16,USD,Marketplace,3876.99,234.44,-503.79,0.00,0.00,-337.82,-29.79,0.00,29.79,0.00,-143.12,0.00,3126.70,3539.17,0.00,491411526,PAID
5579,McDonald's,946252,McDonald's (18576-WINSLOW),18576,2025-06-16,USD,NULL,0.00,0.00,0.00,0.00,0.00,0.00,0.00,0.00,0.00,0.00,0.00,19.21,19.21,0.00,0.00,491411526,PAID
5579,McDonald's,946252,McDonald's (18576-WINSLOW),18576,2025-06-09,USD,Marketplace,3842.16,242.60,-525.75,0.00,0.00,-180.10,-20.01,-7.86,20.01,7.86,-87.16,0.00,3291.75,3662.06,0.00,489656732,PAID
5579,McDonald's,946252,McDonald's (18576-WINSLOW),18576,2025-06-09,USD,NULL,0.00,0.00,0.00,0.00,0.00,0.00,0.00,0.00,0.00,0.00,0.00,18.83,18.83,0.00,0.00,489656732,PAID
5579,McDonald's,946252,McDonald's (18576-WINSLOW),18576,2025-06-02,USD,Marketplace,3765.03,247.96,-533.87,0.00,0.00,-21.57,-96.71,0.00,96.71,0.00,-124.19,105.94,3439.30,3743.46,0.00,487910300,PAID
5579,McDonald's,946252,McDonald's (18576-WINSLOW),18576,2025-06-02,USD,NULL,0.00,0.00,0.00,0.00,0.00,0.00,0.00,0.00,0.00,0.00,0.00,19.88,19.88,0.00,0.00,487910300,PAID
5579,McDonald's,946252,McDonald's (18576-WINSLOW),18576,2025-05-26,USD,Marketplace,3975.61,257.72,-559.15,0.00,0.00,-86.28,-49.44,0.00,49.44,0.00,-98.40,0.00,3489.50,3889.33,0.00,486139664,PAID
5579,McDonald's,946252,McDonald's (18576-WINSLOW),18576,2025-05-26,USD,NULL,0.00,0.00,0.00,0.00,0.00,0.00,0.00,0.00,0.00,0.00,0.00,17.53,17.53,0.00,0.00,486139664,PAID
5579,McDonald's,946252,McDonald's (18576-WINSLOW),18576,2025-05-19,USD,Marketplace,3505.74,229.93,-500.61,0.00,0.00,-35.95,-37.48,0.00,37.48,0.00,-102.27,0.00,3096.84,3469.79,0.00,484356715,PAID
5579,McDonald's,946252,McDonald's (18576-WINSLOW),18576,2025-05-19,USD,NULL,0.00,0.00,0.00,0.00,0.00,0.00,0.00,0.00,0.00,0.00,0.00,19.41,19.41,0.00,0.00,484356715,PAID
5579,McDonald's,946252,McDonald's (18576-WINSLOW),18576,2025-05-12,USD,Marketplace,3882.35,252.98,-547.95,0.00,0.00,-63.57,-40.81,0.00,40.81,0.00,-81.79,0.00,3442.02,3818.78,0.00,482609823,PAID
5579,McDonald's,946252,McDonald's (18576-WINSLOW),18576,2025-05-12,USD,NULL,0.00,0.00,0.00,0.00,0.00,0.00,0.00,0.00,0.00,0.00,0.00,17.15,17.15,0.00,0.00,482609823,PAID
5579,McDonald's,946258,McDonald's (2401-TURNERSVILLE),2401,2025-09-08,USD,Marketplace,5707.76,337.29,-672.58,0.00,-62.37,-617.17,-68.52,0.00,68.52,0.00,-87.51,0.00,4605.42,5090.59,0.00,512659789,PAID
5579,McDonald's,946258,McDonald's (2401-TURNERSVILLE),2401,2025-09-08,USD,NULL,0.00,0.00,0.00,0.00,0.00,0.00,0.00,0.00,0.00,0.00,0.00,32.96,32.96,0.00,0.00,512659789,PAID
5579,McDonald's,946258,McDonald's (2401-TURNERSVILLE),2401,2025-09-01,USD,Marketplace,6646.77,383.33,-774.68,0.00,-51.48,-860.24,-72.11,0.00,72.11,0.00,-124.91,0.00,5218.79,5786.53,0.00,510893528,PAID
5579,McDonald's,946258,McDonald's (2401-TURNERSVILLE),2401,2025-09-01,USD,Storefront,31.17,2.06,0.00,-2.23,0.00,0.00,0.00,0.00,0.00,0.00,0.00,0.00,31.00,31.17,0.00,510893528,PAID
5579,McDonald's,946258,McDonald's (2401-TURNERSVILLE),2401,2025-09-01,USD,NULL,0.00,0.00,0.00,0.00,0.00,0.00,0.00,0.00,0.00,0.00,0.00,29.87,29.87,0.00,0.00,510893528,PAID
5579,McDonald's,946258,McDonald's (2401-TURNERSVILLE),2401,2025-08-25,USD,Marketplace,6009.68,338.54,-687.64,0.00,-40.59,-900.46,-67.11,0.00,67.11,0.00,-44.62,0.00,4674.91,5109.22,0.00,509136078,PAID
5579,McDonald's,946258,McDonald's (2401-TURNERSVILLE),2401,2025-08-25,USD,NULL,0.00,0.00,0.00,0.00,0.00,0.00,0.00,0.00,0.00,0.00,0.00,32.97,32.97,0.00,0.00,509136078,PAID
5579,McDonald's,946258,McDonald's (2401-TURNERSVILLE),2401,2025-08-18,USD,Marketplace,6563.03,369.15,-749.60,0.00,-37.62,-990.68,-57.37,-7.11,57.37,7.11,-64.64,0.00,5089.64,5572.35,0.00,507357172,PAID
5579,McDonald's,946258,McDonald's (2401-TURNERSVILLE),2401,2025-08-18,USD,NULL,0.00,0.00,0.00,0.00,0.00,0.00,0.00,0.00,0.00,0.00,0.00,27.61,27.61,0.00,0.00,507357172,PAID
5579,McDonald's,946258,McDonald's (2401-TURNERSVILLE),2401,2025-08-11,USD,Marketplace,5474.31,329.29,-663.25,0.00,-80.19,-503.91,-40.93,0.00,40.93,0.00,-70.80,0.00,4485.45,4970.40,0.00,505607077,PAID
5579,McDonald's,946258,McDonald's (2401-TURNERSVILLE),2401,2025-08-11,USD,NULL,0.00,0.00,0.00,0.00,0.00,0.00,0.00,0.00,0.00,0.00,0.00,35.05,35.05,0.00,0.00,505607077,PAID
5579,McDonald's,946258,McDonald's (2401-TURNERSVILLE),2401,2025-08-04,USD,Marketplace,7081.87,400.80,-807.01,0.00,-323.08,-1030.87,-96.99,0.00,174.55,0.00,-63.70,0.00,5335.57,6051.00,0.00,503843672,PAID
5579,McDonald's,946258,McDonald's (2401-TURNERSVILLE),2401,2025-08-04,USD,NULL,0.00,0.00,0.00,0.00,0.00,0.00,0.00,0.00,0.00,0.00,0.00,34.95,34.95,0.00,0.00,503843672,PAID
5579,McDonald's,946258,McDonald's (2401-TURNERSVILLE),2401,2025-07-28,USD,Marketplace,6987.92,389.53,-784.49,0.00,-180.46,-1107.14,-40.26,0.00,40.26,0.00,-68.12,0.00,5237.24,5880.78,0.00,502065547,PAID
5579,McDonald's,946258,McDonald's (2401-TURNERSVILLE),2401,2025-07-28,USD,NULL,0.00,0.00,0.00,0.00,0.00,0.00,0.00,0.00,0.00,0.00,0.00,34.56,34.56,0.00,0.00,502065547,PAID
5579,McDonald's,946258,McDonald's (2401-TURNERSVILLE),2401,2025-07-21,USD,Marketplace,6921.33,427.79,-860.24,0.00,-42.57,-466.08,-105.25,0.00,105.25,0.00,-63.27,0.00,5916.96,6455.25,0.00,500284693,PAID
5579,McDonald's,946258,McDonald's (2401-TURNERSVILLE),2401,2025-07-21,USD,NULL,0.00,0.00,0.00,0.00,0.00,0.00,0.00,0.00,0.00,0.00,0.00,33.13,33.13,0.00,0.00,500284693,PAID
5579,McDonald's,946258,McDonald's (2401-TURNERSVILLE),2401,2025-07-14,USD,Marketplace,6593.25,386.16,-779.38,0.00,-32.67,-764.90,-66.48,0.00,66.48,0.00,-39.54,0.00,5362.92,5828.35,0.00,498490174,PAID
5579,McDonald's,946258,McDonald's (2401-TURNERSVILLE),2401,2025-07-14,USD,NULL,0.00,0.00,0.00,0.00,0.00,0.00,0.00,0.00,0.00,0.00,0.00,38.09,38.09,0.00,0.00,498490174,PAID
5579,McDonald's,946258,McDonald's (2401-TURNERSVILLE),2401,2025-07-07,USD,Marketplace,5078.90,305.26,-621.22,0.00,-18.81,-470.91,-133.06,0.00,133.06,0.00,-49.68,0.00,4223.54,4607.99,0.00,496696494,PAID
5579,McDonald's,946258,McDonald's (2401-TURNERSVILLE),2401,2025-07-07,USD,NULL,0.00,0.00,0.00,0.00,0.00,0.00,0.00,0.00,0.00,0.00,0.00,30.72,30.72,0.00,0.00,496696494,PAID
5579,McDonald's,946258,McDonald's (2401-TURNERSVILLE),2401,2025-06-30,USD,Marketplace,6144.05,389.69,-768.11,0.00,0.00,-260.75,-143.80,0.00,143.80,0.00,-73.47,0.00,5431.41,5883.30,0.00,494940628,PAID
5579,McDonald's,946258,McDonald's (2401-TURNERSVILLE),2401,2025-06-30,USD,NULL,0.00,0.00,0.00,0.00,0.00,0.00,0.00,0.00,0.00,0.00,0.00,25.29,25.29,0.00,0.00,494940628,PAID
5579,McDonald's,946258,McDonald's (2401-TURNERSVILLE),2401,2025-06-23,USD,Marketplace,5057.84,320.52,-634.89,0.00,0.00,-219.20,-44.59,0.00,44.59,0.00,-54.53,0.00,4469.74,4838.64,0.00,493188303,PAID
5579,McDonald's,946258,McDonald's (2401-TURNERSVILLE),2401,2025-06-23,USD,NULL,0.00,0.00,0.00,0.00,0.00,0.00,0.00,0.00,0.00,0.00,0.00,25.70,25.70,0.00,0.00,493188303,PAID
5579,McDonald's,946258,McDonald's (2401-TURNERSVILLE),2401,2025-06-16,USD,Marketplace,5140.28,312.58,-615.72,0.00,0.00,-422.11,-92.88,0.00,92.88,0.00,-50.14,0.00,4364.89,4718.17,0.00,491413919,PAID
5579,McDonald's,946258,McDonald's (2401-TURNERSVILLE),2401,2025-06-16,USD,NULL,0.00,0.00,0.00,0.00,0.00,0.00,0.00,0.00,0.00,0.00,0.00,29.32,29.32,0.00,0.00,491413919,PAID
5579,McDonald's,946258,McDonald's (2401-TURNERSVILLE),2401,2025-06-09,USD,Marketplace,5863.62,367.30,-731.38,0.00,0.00,-319.67,-45.48,0.00,45.48,0.00,-169.75,0.00,5010.12,5543.95,0.00,489657937,PAID
5579,McDonald's,946258,McDonald's (2401-TURNERSVILLE),2401,2025-06-09,USD,NULL,0.00,0.00,0.00,0.00,0.00,0.00,0.00,0.00,0.00,0.00,0.00,25.26,25.26,0.00,0.00,489657937,PAID
5579,McDonald's,946258,McDonald's (2401-TURNERSVILLE),2401,2025-06-02,USD,Marketplace,5052.71,329.99,-652.34,0.00,0.00,-71.40,-65.62,0.00,65.62,0.00,-62.28,0.00,4596.68,4981.31,0.00,487903515,PAID
5579,McDonald's,946258,McDonald's (2401-TURNERSVILLE),2401,2025-06-02,USD,NULL,0.00,0.00,0.00,0.00,0.00,0.00,0.00,0.00,0.00,0.00,0.00,24.42,24.42,0.00,0.00,487903515,PAID
5579,McDonald's,946258,McDonald's (2401-TURNERSVILLE),2401,2025-05-26,USD,Marketplace,4884.92,313.40,-619.09,0.00,0.00,-155.78,-38.94,0.00,38.94,0.00,-51.66,0.00,4371.79,4729.14,0.00,486130602,PAID
5579,McDonald's,946258,McDonald's (2401-TURNERSVILLE),2401,2025-05-26,USD,NULL,0.00,0.00,0.00,0.00,0.00,0.00,0.00,0.00,0.00,0.00,0.00,24.63,24.63,0.00,0.00,486130602,PAID
5579,McDonald's,946258,McDonald's (2401-TURNERSVILLE),2401,2025-05-19,USD,Marketplace,5914.92,385.72,-758.23,0.00,0.00,-93.47,-84.85,0.00,84.85,0.00,-24.63,0.00,5424.31,5821.45,0.00,484355712,PAID
5579,McDonald's,946258,McDonald's (2401-TURNERSVILLE),2401,2025-05-19,USD,NULL,0.00,0.00,0.00,0.00,0.00,0.00,0.00,0.00,0.00,0.00,0.00,9.95,9.95,0.00,0.00,484355712,PAID
5579,McDonald's,946258,McDonald's (2401-TURNERSVILLE),2401,2025-05-12,USD,Marketplace,5214.21,334.04,-660.54,0.00,0.00,-173.16,-53.61,0.00,53.61,0.00,-6.50,0.00,4708.05,5041.05,0.00,482606314,PAID
5579,McDonald's,946258,McDonald's (2401-TURNERSVILLE),2401,2025-05-12,USD,NULL,0.00,0.00,0.00,0.00,0.00,0.00,0.00,0.00,0.00,0.00,0.00,28.10,28.10,0.00,0.00,482606314,PAID
5579,McDonald's,946269,McDonald's (4884-WILLIAMSTOWN),4884,2025-09-08,USD,Marketplace,15453.53,942.19,-1901.46,0.00,-123.75,-1233.10,-159.19,-14.38,159.19,14.38,-170.68,0.00,12966.73,14220.43,0.00,512661094,PAID
5579,McDonald's,946269,McDonald's (4884-WILLIAMSTOWN),4884,2025-09-08,USD,Storefront,13.59,0.90,0.00,-1.06,0.00,0.00,0.00,0.00,0.00,0.00,0.00,0.00,13.43,13.59,0.00,512661094,PAID
5579,McDonald's,946269,McDonald's (4884-WILLIAMSTOWN),4884,2025-09-08,USD,NULL,0.00,0.00,0.00,0.00,0.00,0.00,0.00,0.00,0.00,0.00,0.00,58.81,58.81,0.00,0.00,512661094,PAID
5579,McDonald's,946269,McDonald's (4884-WILLIAMSTOWN),4884,2025-09-01,USD,Marketplace,11886.84,696.18,-1393.20,0.00,-92.07,-1378.89,-181.74,0.00,181.74,0.00,-247.75,0.00,9471.11,10507.95,0.00,510901035,PAID
5579,McDonald's,946269,McDonald's (4884-WILLIAMSTOWN),4884,2025-09-01,USD,Storefront,15.89,1.05,0.00,-1.03,0.00,0.00,0.00,0.00,0.00,0.00,0.00,0.00,15.91,15.89,0.00,510901035,PAID
5579,McDonald's,946269,McDonald's (4884-WILLIAMSTOWN),4884,2025-09-01,USD,NULL,0.00,0.00,0.00,0.00,0.00,0.00,0.00,0.00,0.00,0.00,0.00,72.90,72.90,0.00,0.00,510901035,PAID
5579,McDonald's,946269,McDonald's (4884-WILLIAMSTOWN),4884,2025-08-25,USD,Marketplace,14421.12,826.97,-1672.96,0.00,-87.12,-1939.59,-217.33,-14.78,217.33,14.78,-181.16,0.00,11367.26,12481.53,0.00,509124654,PAID
5579,McDonald's,946269,McDonald's (4884-WILLIAMSTOWN),4884,2025-08-25,USD,Storefront,99.64,6.60,0.00,-6.28,0.00,0.00,0.00,0.00,0.00,0.00,0.00,0.00,99.96,99.64,0.00,509124654,PAID
5579,McDonald's,946269,McDonald's (4884-WILLIAMSTOWN),4884,2025-08-25,USD,NULL,0.00,0.00,0.00,0.00,0.00,0.00,0.00,0.00,0.00,0.00,0.00,70.12,70.12,0.00,0.00,509124654,PAID
5579,McDonald's,946269,McDonald's (4884-WILLIAMSTOWN),4884,2025-08-18,USD,Marketplace,14094.47,802.37,-1616.17,0.00,-312.84,-1981.32,-94.38,-13.90,94.38,13.90,-265.89,0.00,10720.62,12113.15,0.00,507367710,PAID
5579,McDonald's,946269,McDonald's (4884-WILLIAMSTOWN),4884,2025-08-18,USD,Storefront,37.65,2.49,0.00,-1.90,0.00,0.00,0.00,0.00,0.00,0.00,0.00,0.00,38.24,37.65,0.00,507367710,PAID
5579,McDonald's,946269,McDonald's (4884-WILLIAMSTOWN),4884,2025-08-18,USD,NULL,0.00,0.00,0.00,0.00,0.00,0.00,0.00,0.00,0.00,0.00,0.00,69.16,69.16,0.00,0.00,507367710,PAID
5579,McDonald's,946269,McDonald's (4884-WILLIAMSTOWN),4884,2025-08-11,USD,Marketplace,13728.61,823.00,-1649.98,0.00,-496.98,-1305.31,-90.64,0.00,90.64,0.00,-167.81,0.00,10931.53,12423.30,0.00,505608469,PAID
5579,McDonald's,946269,McDonald's (4884-WILLIAMSTOWN),4884,2025-08-11,USD,Storefront,41.23,2.73,0.00,-2.42,0.00,0.00,0.00,0.00,0.00,0.00,0.00,0.00,41.54,41.23,0.00,505608469,PAID
5579,McDonald's,946269,McDonald's (4884-WILLIAMSTOWN),4884,2025-08-11,USD,NULL,0.00,0.00,0.00,0.00,0.00,0.00,0.00,0.00,0.00,0.00,0.00,85.32,85.32,0.00,0.00,505608469,PAID
5579,McDonald's,946269,McDonald's (4884-WILLIAMSTOWN),4884,2025-08-04,USD,Marketplace,17141.99,1011.69,-2037.02,0.00,-486.71,-1873.24,-217.06,-7.31,503.79,7.31,-317.26,0.00,13726.18,15268.75,0.00,503842640,PAID
5579,McDonald's,946269,McDonald's (4884-WILLIAMSTOWN),4884,2025-08-04,USD,NULL,0.00,0.00,0.00,0.00,0.00,0.00,0.00,0.00,0.00,0.00,0.00,80.75,80.75,0.00,0.00,503842640,PAID
5579,McDonald's,946269,McDonald's (4884-WILLIAMSTOWN),4884,2025-07-28,USD,Marketplace,16151.64,928.96,-1871.70,0.00,-283.14,-2129.93,-172.38,0.00,172.38,0.00,-277.66,0.00,12518.17,14021.71,0.00,502067855,PAID
5579,McDonald's,946269,McDonald's (4884-WILLIAMSTOWN),4884,2025-07-28,USD,NULL,0.00,0.00,0.00,0.00,0.00,0.00,0.00,0.00,0.00,0.00,0.00,73.89,73.89,0.00,0.00,502067855,PAID
5579,McDonald's,946269,McDonald's (4884-WILLIAMSTOWN),4884,2025-07-21,USD,Marketplace,14737.67,840.19,-1706.82,0.00,-504.90,-2057.01,-43.56,0.00,43.56,0.00,-274.65,0.00,11034.48,12680.66,0.00,500283100,PAID
5579,McDonald's,946269,McDonald's (4884-WILLIAMSTOWN),4884,2025-07-21,USD,NULL,0.00,0.00,0.00,0.00,0.00,0.00,0.00,0.00,0.00,0.00,0.00,77.70,77.70,0.00,0.00,500283100,PAID
5579,McDonald's,946269,McDonald's (4884-WILLIAMSTOWN),4884,2025-07-14,USD,Marketplace,15592.12,889.37,-1797.55,0.00,-358.38,-2167.19,-91.54,0.00,91.54,0.00,-235.12,0.00,11923.25,13424.93,0.00,498488303,PAID
5579,McDonald's,946269,McDonald's (4884-WILLIAMSTOWN),4884,2025-07-14,USD,NULL,0.00,0.00,0.00,0.00,0.00,0.00,0.00,0.00,0.00,0.00,0.00,76.26,76.26,0.00,0.00,498488303,PAID
5579,McDonald's,946269,McDonald's (4884-WILLIAMSTOWN),4884,2025-07-07,USD,Marketplace,15231.99,912.17,-1848.47,0.00,-50.49,-1465.01,-297.96,0.00,297.96,0.00,-156.38,0.00,12623.81,13766.98,0.00,496701990,PAID
5579,McDonald's,946269,McDonald's (4884-WILLIAMSTOWN),4884,2025-07-07,USD,NULL,0.00,0.00,0.00,0.00,0.00,0.00,0.00,0.00,0.00,0.00,0.00,71.21,71.21,0.00,0.00,496701990,PAID
5579,McDonald's,946269,McDonald's (4884-WILLIAMSTOWN),4884,2025-06-30,USD,Marketplace,14302.81,914.77,-1825.02,0.00,0.00,-495.73,-481.06,0.00,481.06,0.00,-173.18,0.00,12723.65,13807.08,0.00,494948614,PAID
5579,McDonald's,946269,McDonald's (4884-WILLIAMSTOWN),4884,2025-06-30,USD,NULL,0.00,0.00,0.00,0.00,0.00,0.00,0.00,0.00,0.00,0.00,0.00,67.47,67.47,0.00,0.00,494948614,PAID
5579,McDonald's,946269,McDonald's (4884-WILLIAMSTOWN),4884,2025-06-23,USD,Marketplace,13493.76,851.04,-1718.51,0.00,0.00,-649.52,-170.12,-22.84,170.12,22.84,-206.63,0.00,11770.14,12844.24,0.00,493183316,PAID
5579,McDonald's,946269,McDonald's (4884-WILLIAMSTOWN),4884,2025-06-23,USD,NULL,0.00,0.00,0.00,0.00,0.00,0.00,0.00,0.00,0.00,0.00,0.00,65.75,65.75,0.00,0.00,493183316,PAID
5579,McDonald's,946269,McDonald's (4884-WILLIAMSTOWN),4884,2025-06-16,USD,Marketplace,13150.43,812.54,-1630.44,0.00,0.00,-886.92,-101.23,-12.98,101.23,12.98,-159.80,0.00,11285.81,12263.51,0.00,491419803,PAID
5579,McDonald's,946269,McDonald's (4884-WILLIAMSTOWN),4884,2025-06-16,USD,NULL,0.00,0.00,0.00,0.00,0.00,0.00,0.00,0.00,0.00,0.00,0.00,63.36,63.36,0.00,0.00,491419803,PAID
5579,McDonald's,946269,McDonald's (4884-WILLIAMSTOWN),4884,2025-06-09,USD,Marketplace,12672.81,799.07,-1611.05,0.00,0.00,-614.37,-177.53,-10.00,177.53,10.00,-204.93,0.00,11041.53,12058.44,0.00,489665294,PAID
5579,McDonald's,946269,McDonald's (4884-WILLIAMSTOWN),4884,2025-06-09,USD,NULL,0.00,0.00,0.00,0.00,0.00,0.00,0.00,0.00,0.00,0.00,0.00,66.55,66.55,0.00,0.00,489665294,PAID
5579,McDonald's,946269,McDonald's (4884-WILLIAMSTOWN),4884,2025-06-02,USD,Marketplace,13310.04,867.58,-1759.01,0.00,0.00,-213.30,-203.08,0.00,203.08,0.00,-218.84,0.00,11986.47,13096.74,0.00,487902744,PAID
5579,McDonald's,946269,McDonald's (4884-WILLIAMSTOWN),4884,2025-06-02,USD,NULL,0.00,0.00,0.00,0.00,0.00,0.00,0.00,0.00,0.00,0.00,0.00,59.13,59.13,0.00,0.00,487902744,PAID
5579,McDonald's,946269,McDonald's (4884-WILLIAMSTOWN),4884,2025-05-26,USD,Marketplace,11826.60,761.88,-1524.79,0.00,0.00,-327.14,-162.74,0.00,162.74,0.00,-216.11,0.00,10520.44,11499.46,0.00,486133958,PAID
5579,McDonald's,946269,McDonald's (4884-WILLIAMSTOWN),4884,2025-05-26,USD,NULL,0.00,0.00,0.00,0.00,0.00,0.00,0.00,0.00,0.00,0.00,0.00,71.97,71.97,0.00,0.00,486133958,PAID
5579,McDonald's,946269,McDonald's (4884-WILLIAMSTOWN),4884,2025-05-19,USD,Marketplace,14394.03,938.30,-1880.30,0.00,0.00,-230.08,-307.78,0.00,307.78,0.00,-125.45,0.00,13096.50,14163.95,0.00,484365653,PAID
5579,McDonald's,946269,McDonald's (4884-WILLIAMSTOWN),4884,2025-05-19,USD,NULL,0.00,0.00,0.00,0.00,0.00,0.00,0.00,0.00,0.00,0.00,0.00,66.40,66.40,0.00,0.00,484365653,PAID
5579,McDonald's,946269,McDonald's (4884-WILLIAMSTOWN),4884,2025-05-12,USD,Marketplace,13279.47,859.59,-1715.98,0.00,0.00,-306.62,-211.36,0.00,211.36,0.00,-191.05,0.00,11925.41,12972.85,0.00,482605645,PAID
5579,McDonald's,946269,McDonald's (4884-WILLIAMSTOWN),4884,2025-05-12,USD,NULL,0.00,0.00,0.00,0.00,0.00,0.00,0.00,0.00,0.00,0.00,0.00,72.18,72.18,0.00,0.00,482605645,PAID
5579,McDonald's,1544219,McDonald's (22137 - WRIGHTSTOWN),22137,2025-09-08,USD,Marketplace,4452.57,275.26,-530.49,0.00,-33.66,-297.84,-26.93,0.00,26.93,0.00,-57.42,0.00,3808.42,4154.73,0.00,512655577,PAID
5579,McDonald's,1544219,McDonald's (22137 - WRIGHTSTOWN),22137,2025-09-08,USD,NULL,0.00,0.00,0.00,0.00,0.00,0.00,0.00,0.00,0.00,0.00,0.00,17.93,17.93,0.00,0.00,512655577,PAID
5579,McDonald's,1544219,McDonald's (22137 - WRIGHTSTOWN),22137,2025-09-01,USD,Marketplace,3585.54,211.64,-406.72,0.00,-14.85,-390.34,-10.78,0.00,10.78,0.00,-37.98,0.00,2947.29,3195.20,0.00,510898729,PAID
5579,McDonald's,1544219,McDonald's (22137 - WRIGHTSTOWN),22137,2025-09-01,USD,NULL,0.00,0.00,0.00,0.00,0.00,0.00,0.00,0.00,0.00,0.00,0.00,20.92,20.92,0.00,0.00,510898729,PAID
5579,McDonald's,1544219,McDonald's (22137 - WRIGHTSTOWN),22137,2025-08-25,USD,Marketplace,4162.08,240.03,-462.36,0.00,-14.85,-538.70,-20.43,0.00,20.43,0.00,-49.63,35.23,3371.80,3623.38,0.00,509127169,PAID
5579,McDonald's,1544219,McDonald's (22137 - WRIGHTSTOWN),22137,2025-08-25,USD,Storefront,21.08,1.40,0.00,-1.42,0.00,0.00,0.00,0.00,0.00,0.00,0.00,0.00,21.06,21.08,0.00,509127169,PAID
5579,McDonald's,1544219,McDonald's (22137 - WRIGHTSTOWN),22137,2025-08-25,USD,NULL,0.00,0.00,0.00,0.00,0.00,0.00,0.00,0.00,0.00,0.00,0.00,22.94,22.94,0.00,0.00,509127169,PAID
5579,McDonald's,1544219,McDonald's (22137 - WRIGHTSTOWN),22137,2025-08-18,USD,Marketplace,4587.69,263.67,-506.25,0.00,-47.52,-607.82,-20.92,-10.46,20.92,10.46,-76.91,0.00,3612.86,3979.87,0.00,507367672,PAID
5579,McDonald's,1544219,McDonald's (22137 - WRIGHTSTOWN),22137,2025-08-18,USD,NULL,0.00,0.00,0.00,0.00,0.00,0.00,0.00,0.00,0.00,0.00,0.00,17.71,17.71,0.00,0.00,507367672,PAID
5579,McDonald's,1544219,McDonald's (22137 - WRIGHTSTOWN),22137,2025-08-11,USD,Marketplace,4207.31,252.37,-484.19,0.00,-107.91,-399.01,0.00,-9.57,0.00,9.57,-17.71,0.00,3450.86,3808.30,0.00,505621179,PAID
5579,McDonald's,1544219,McDonald's (22137 - WRIGHTSTOWN),22137,2025-08-11,USD,NULL,0.00,0.00,0.00,0.00,0.00,0.00,0.00,0.00,0.00,0.00,0.00,13.01,13.01,0.00,0.00,505621179,PAID
5579,McDonald's,1544219,McDonald's (22137 - WRIGHTSTOWN),22137,2025-08-04,USD,Marketplace,4231.25,259.00,-509.24,0.00,-69.09,-321.90,-43.59,0.00,85.95,0.00,-13.01,0.00,3619.37,3909.35,0.00,503840619,PAID
5579,McDonald's,1544219,McDonald's (22137 - WRIGHTSTOWN),22137,2025-08-04,USD,NULL,0.00,0.00,0.00,0.00,0.00,0.00,0.00,0.00,0.00,0.00,0.00,22.61,22.61,0.00,0.00,503840619,PAID
5579,McDonald's,1544219,McDonald's (22137 - WRIGHTSTOWN),22137,2025-07-28,USD,Marketplace,4522.63,274.07,-534.77,0.00,-23.76,-386.57,-32.00,0.00,32.00,0.00,-29.27,0.00,3822.33,4136.06,0.00,502071067,PAID
5579,McDonald's,1544219,McDonald's (22137 - WRIGHTSTOWN),22137,2025-07-28,USD,NULL,0.00,0.00,0.00,0.00,0.00,0.00,0.00,0.00,0.00,0.00,0.00,21.91,21.91,0.00,0.00,502071067,PAID
5579,McDonald's,1544219,McDonald's (22137 - WRIGHTSTOWN),22137,2025-07-21,USD,Marketplace,4382.98,261.91,-506.04,0.00,-40.59,-429.13,-8.72,0.00,8.72,0.00,-47.18,5.81,3627.76,3953.85,0.00,500280624,PAID
5579,McDonald's,1544219,McDonald's (22137 - WRIGHTSTOWN),22137,2025-07-21,USD,NULL,0.00,0.00,0.00,0.00,0.00,0.00,0.00,0.00,0.00,0.00,0.00,21.16,21.16,0.00,0.00,500280624,PAID
5579,McDonald's,1544219,McDonald's (22137 - WRIGHTSTOWN),22137,2025-07-14,USD,Marketplace,4920.26,290.09,-559.75,0.00,-22.77,-542.49,-55.70,0.00,55.70,0.00,-21.16,0.00,4064.18,4377.77,0.00,498486868,PAID
5579,McDonald's,1544219,McDonald's (22137 - WRIGHTSTOWN),22137,2025-07-14,USD,NULL,0.00,0.00,0.00,0.00,0.00,0.00,0.00,0.00,0.00,0.00,0.00,18.85,18.85,0.00,0.00,498486868,PAID
5579,McDonald's,1544219,McDonald's (22137 - WRIGHTSTOWN),22137,2025-07-07,USD,Marketplace,3770.55,237.39,-453.55,0.00,-8.91,-186.79,-52.38,0.00,52.38,0.00,-109.91,7.02,3255.80,3583.76,0.00,496702980,PAID
5579,McDonald's,1544219,McDonald's (22137 - WRIGHTSTOWN),22137,2025-07-07,USD,NULL,0.00,0.00,0.00,0.00,0.00,0.00,0.00,0.00,0.00,0.00,0.00,10.24,10.24,0.00,0.00,496702980,PAID
5579,McDonald's,1544219,McDonald's (22137 - WRIGHTSTOWN),22137,2025-06-30,USD,Marketplace,3140.09,203.22,-397.13,0.00,0.00,-73.30,-87.62,0.00,87.62,0.00,-10.24,0.00,2862.64,3066.79,0.00,494937075,PAID
5579,McDonald's,1544219,McDonald's (22137 - WRIGHTSTOWN),22137,2025-06-30,USD,NULL,0.00,0.00,0.00,0.00,0.00,0.00,0.00,0.00,0.00,0.00,0.00,19.54,19.54,0.00,0.00,494937075,PAID
5579,McDonald's,1544219,McDonald's (22137 - WRIGHTSTOWN),22137,2025-06-23,USD,Marketplace,4216.30,269.14,-515.17,0.00,0.00,-154.49,-66.98,0.00,66.98,0.00,-19.54,34.39,3830.63,4061.81,0.00,493186760,PAID
5579,McDonald's,1544219,McDonald's (22137 - WRIGHTSTOWN),22137,2025-06-23,USD,NULL,0.00,0.00,0.00,0.00,0.00,0.00,0.00,0.00,0.00,0.00,0.00,20.61,20.61,0.00,0.00,493186760,PAID
5579,McDonald's,1544219,McDonald's (22137 - WRIGHTSTOWN),22137,2025-06-16,USD,Marketplace,4121.75,254.70,-491.94,0.00,0.00,-277.14,-44.09,0.00,44.09,0.00,-56.17,0.00,3551.20,3844.61,0.00,491412751,PAID
5579,McDonald's,1544219,McDonald's (22137 - WRIGHTSTOWN),22137,2025-06-16,USD,NULL,0.00,0.00,0.00,0.00,0.00,0.00,0.00,0.00,0.00,0.00,0.00,20.15,20.15,0.00,0.00,491412751,PAID
5579,McDonald's,1544219,McDonald's (22137 - WRIGHTSTOWN),22137,2025-06-09,USD,Marketplace,4030.79,256.13,-494.65,0.00,0.00,-165.62,-55.01,0.00,55.01,0.00,-41.92,0.00,3584.73,3865.17,0.00,489669058,PAID
5579,McDonald's,1544219,McDonald's (22137 - WRIGHTSTOWN),22137,2025-06-09,USD,NULL,0.00,0.00,0.00,0.00,0.00,0.00,0.00,0.00,0.00,0.00,0.00,20.13,20.13,0.00,0.00,489669058,PAID
5579,McDonald's,1544219,McDonald's (22137 - WRIGHTSTOWN),22137,2025-06-02,USD,Marketplace,4026.42,263.52,-519.05,0.00,0.00,-49.13,-44.31,0.00,44.31,0.00,-73.21,38.97,3687.52,3977.29,0.00,487899610,PAID
5579,McDonald's,1544219,McDonald's (22137 - WRIGHTSTOWN),22137,2025-06-02,USD,NULL,0.00,0.00,0.00,0.00,0.00,0.00,0.00,0.00,0.00,0.00,0.00,21.42,21.42,0.00,0.00,487899610,PAID
5579,McDonald's,1544219,McDonald's (22137 - WRIGHTSTOWN),22137,2025-05-26,USD,Marketplace,4283.75,277.79,-536.55,0.00,0.00,-91.07,-40.08,0.00,40.08,0.00,-54.61,0.00,3879.31,4192.68,0.00,486141137,PAID
5579,McDonald's,1544219,McDonald's (22137 - WRIGHTSTOWN),22137,2025-05-26,USD,NULL,0.00,0.00,0.00,0.00,0.00,0.00,0.00,0.00,0.00,0.00,0.00,22.76,22.76,0.00,0.00,486141137,PAID
5579,McDonald's,1544219,McDonald's (22137 - WRIGHTSTOWN),22137,2025-05-19,USD,Marketplace,4552.41,294.98,-568.68,0.00,0.00,-100.66,-48.01,0.00,48.01,0.00,-63.27,0.00,4114.78,4451.75,0.00,484357790,PAID
5579,McDonald's,1544219,McDonald's (22137 - WRIGHTSTOWN),22137,2025-05-19,USD,NULL,0.00,0.00,0.00,0.00,0.00,0.00,0.00,0.00,0.00,0.00,0.00,20.39,20.39,0.00,0.00,484357790,PAID
5579,McDonald's,1544219,McDonald's (22137 - WRIGHTSTOWN),22137,2025-05-12,USD,Marketplace,4077.78,263.96,-507.96,0.00,0.00,-94.63,-41.26,0.00,41.26,0.00,-33.56,0.00,3705.59,3983.15,0.00,482610740,PAID
5579,McDonald's,1544219,McDonald's (22137 - WRIGHTSTOWN),22137,2025-05-12,USD,NULL,0.00,0.00,0.00,0.00,0.00,0.00,0.00,0.00,0.00,0.00,0.00,12.60,12.60,0.00,0.00,482610740,PAID
5579,McDonald's,1544237,"McDonald's (21452 - RT 545, BROWNS MILLS)",21452,2025-09-08,USD,Marketplace,9521.22,582.43,-1149.04,0.00,-80.19,-729.12,-97.14,-7.03,97.14,7.03,-98.41,0.00,8046.89,8792.10,0.00,512658760,PAID
5579,McDonald's,1544237,"McDonald's (21452 - RT 545, BROWNS MILLS)",21452,2025-09-08,USD,Storefront,14.78,0.98,0.00,-1.13,0.00,0.00,0.00,0.00,0.00,0.00,0.00,0.00,14.63,14.78,0.00,512658760,PAID
5579,McDonald's,1544237,"McDonald's (21452 - RT 545, BROWNS MILLS)",21452,2025-09-08,USD,NULL,0.00,0.00,0.00,0.00,0.00,0.00,0.00,0.00,0.00,0.00,0.00,57.20,57.20,0.00,0.00,512658760,PAID
5579,McDonald's,1544237,"McDonald's (21452 - RT 545, BROWNS MILLS)",21452,2025-09-01,USD,Marketplace,11407.57,665.21,-1314.46,0.00,-72.27,-1365.37,-79.24,-19.73,79.24,19.73,-161.97,0.00,9158.71,10042.20,0.00,510900112,PAID
5579,McDonald's,1544237,"McDonald's (21452 - RT 545, BROWNS MILLS)",21452,2025-09-01,USD,Storefront,11.18,0.74,0.00,-0.97,0.00,0.00,0.00,0.00,0.00,0.00,0.00,0.00,10.95,11.18,0.00,510900112,PAID
5579,McDonald's,1544237,"McDonald's (21452 - RT 545, BROWNS MILLS)",21452,2025-09-01,USD,NULL,0.00,0.00,0.00,0.00,0.00,0.00,0.00,0.00,0.00,0.00,0.00,49.93,49.93,0.00,0.00,510900112,PAID
5579,McDonald's,1544237,"McDonald's (21452 - RT 545, BROWNS MILLS)",21452,2025-08-25,USD,Marketplace,10000.63,573.60,-1133.00,0.00,-58.41,-1341.96,-69.98,0.00,69.98,0.00,-122.99,39.27,7957.14,8658.67,0.00,509126049,PAID
5579,McDonald's,1544237,"McDonald's (21452 - RT 545, BROWNS MILLS)",21452,2025-08-25,USD,Storefront,5.69,0.38,0.00,-0.73,0.00,0.00,0.00,0.00,0.00,0.00,0.00,0.00,5.34,5.69,0.00,509126049,PAID
5579,McDonald's,1544237,"McDonald's (21452 - RT 545, BROWNS MILLS)",21452,2025-08-25,USD,NULL,0.00,0.00,0.00,0.00,0.00,0.00,0.00,0.00,0.00,0.00,0.00,53.20,53.20,0.00,0.00,509126049,PAID
5579,McDonald's,1544237,"McDonald's (21452 - RT 545, BROWNS MILLS)",21452,2025-08-18,USD,Marketplace,10625.33,609.70,-1207.82,0.00,-114.84,-1422.09,-51.41,0.00,51.41,0.00,-108.90,0.00,8381.38,9203.24,0.00,507367626,PAID
5579,McDonald's,1544237,"McDonald's (21452 - RT 545, BROWNS MILLS)",21452,2025-08-18,USD,NULL,0.00,0.00,0.00,0.00,0.00,0.00,0.00,0.00,0.00,0.00,0.00,44.59,44.59,0.00,0.00,507367626,PAID
5579,McDonald's,1544237,"McDonald's (21452 - RT 545, BROWNS MILLS)",21452,2025-08-11,USD,Marketplace,8932.91,525.92,-1035.17,0.00,-264.33,-994.54,-15.05,-10.49,15.05,10.49,-89.43,0.00,7075.36,7938.37,0.00,505619305,PAID
5579,McDonald's,1544237,"McDonald's (21452 - RT 545, BROWNS MILLS)",21452,2025-08-11,USD,NULL,0.00,0.00,0.00,0.00,0.00,0.00,0.00,0.00,0.00,0.00,0.00,54.82,54.82,0.00,0.00,505619305,PAID
5579,McDonald's,1544237,"McDonald's (21452 - RT 545, BROWNS MILLS)",21452,2025-08-04,USD,Marketplace,10963.16,670.15,-1311.95,0.00,-194.58,-847.40,-68.91,-26.70,210.03,26.70,-274.15,0.00,9146.35,10115.76,0.00,503852066,PAID
5579,McDonald's,1544237,"McDonald's (21452 - RT 545, BROWNS MILLS)",21452,2025-08-04,USD,NULL,0.00,0.00,0.00,0.00,0.00,0.00,0.00,0.00,0.00,0.00,0.00,50.09,50.09,0.00,0.00,503852066,PAID
5579,McDonald's,1544237,"McDonald's (21452 - RT 545, BROWNS MILLS)",21452,2025-07-28,USD,Marketplace,10017.17,597.27,-1184.22,0.00,-71.28,-999.88,-80.46,0.00,80.46,0.00,-224.16,0.00,8134.90,9017.29,0.00,502061228,PAID
5579,McDonald's,1544237,"McDonald's (21452 - RT 545, BROWNS MILLS)",21452,2025-07-28,USD,NULL,0.00,0.00,0.00,0.00,0.00,0.00,0.00,0.00,0.00,0.00,0.00,53.39,53.39,0.00,0.00,502061228,PAID
5579,McDonald's,1544237,"McDonald's (21452 - RT 545, BROWNS MILLS)",21452,2025-07-21,USD,Marketplace,10677.99,635.81,-1248.83,0.00,-116.82,-1079.66,-91.68,0.00,91.68,0.00,-120.89,13.97,8761.57,9598.33,0.00,500279911,PAID
5579,McDonald's,1544237,"McDonald's (21452 - RT 545, BROWNS MILLS)",21452,2025-07-21,USD,NULL,0.00,0.00,0.00,0.00,0.00,0.00,0.00,0.00,0.00,0.00,0.00,54.54,54.54,0.00,0.00,500279911,PAID
5579,McDonald's,1544237,"McDonald's (21452 - RT 545, BROWNS MILLS)",21452,2025-07-14,USD,Marketplace,10907.24,643.57,-1274.87,0.00,-99.99,-1194.00,-87.18,0.00,87.18,0.00,-137.18,0.00,8844.77,9713.24,0.00,498481139,PAID
5579,McDonald's,1544237,"McDonald's (21452 - RT 545, BROWNS MILLS)",21452,2025-07-14,USD,NULL,0.00,0.00,0.00,0.00,0.00,0.00,0.00,0.00,0.00,0.00,0.00,46.94,46.94,0.00,0.00,498481139,PAID
5579,McDonald's,1544237,"McDonald's (21452 - RT 545, BROWNS MILLS)",21452,2025-07-07,USD,Marketplace,9387.24,566.59,-1112.18,0.00,-25.74,-834.64,-133.25,-7.24,133.25,7.24,-71.40,94.31,8004.18,8552.60,0.00,496697796,PAID
5579,McDonald's,1544237,"McDonald's (21452 - RT 545, BROWNS MILLS)",21452,2025-07-07,USD,NULL,0.00,0.00,0.00,0.00,0.00,0.00,0.00,0.00,0.00,0.00,0.00,48.10,48.10,0.00,0.00,496697796,PAID
5579,McDonald's,1544237,"McDonald's (21452 - RT 545, BROWNS MILLS)",21452,2025-06-30,USD,Marketplace,9619.23,613.73,-1195.34,0.00,0.00,-356.32,-268.80,-15.00,268.80,15.00,-131.31,0.00,8549.99,9262.91,0.00,494948435,PAID
5579,McDonald's,1544237,"McDonald's (21452 - RT 545, BROWNS MILLS)",21452,2025-06-30,USD,NULL,0.00,0.00,0.00,0.00,0.00,0.00,0.00,0.00,0.00,0.00,0.00,45.96,45.96,0.00,0.00,494948435,PAID
5579,McDonald's,1544237,"McDonald's (21452 - RT 545, BROWNS MILLS)",21452,2025-06-23,USD,Marketplace,9192.23,590.05,-1153.88,0.00,0.00,-286.01,-93.59,-26.26,93.59,26.26,-124.49,39.60,8257.50,8906.22,0.00,493187429,PAID
5579,McDonald's,1544237,"McDonald's (21452 - RT 545, BROWNS MILLS)",21452,2025-06-23,USD,NULL,0.00,0.00,0.00,0.00,0.00,0.00,0.00,0.00,0.00,0.00,0.00,45.34,45.34,0.00,0.00,493187429,PAID
5579,McDonald's,1544237,"McDonald's (21452 - RT 545, BROWNS MILLS)",21452,2025-06-16,USD,Marketplace,9067.93,557.62,-1092.50,0.00,0.00,-650.69,-80.53,0.00,80.53,0.00,-73.97,0.00,7808.39,8417.24,0.00,491414193,PAID
5579,McDonald's,1544237,"McDonald's (21452 - RT 545, BROWNS MILLS)",21452,2025-06-16,USD,NULL,0.00,0.00,0.00,0.00,0.00,0.00,0.00,0.00,0.00,0.00,0.00,41.53,41.53,0.00,0.00,491414193,PAID
5579,McDonald's,1544237,"McDonald's (21452 - RT 545, BROWNS MILLS)",21452,2025-06-09,USD,Marketplace,8306.96,523.63,-1026.68,0.00,0.00,-402.32,-108.66,-22.40,108.66,22.40,-60.92,0.00,7340.67,7904.64,0.00,489662469,PAID
5579,McDonald's,1544237,"McDonald's (21452 - RT 545, BROWNS MILLS)",21452,2025-06-09,USD,NULL,0.00,0.00,0.00,0.00,0.00,0.00,0.00,0.00,0.00,0.00,0.00,42.58,42.58,0.00,0.00,489662469,PAID
5579,McDonald's,1544237,"McDonald's (21452 - RT 545, BROWNS MILLS)",21452,2025-06-02,USD,Marketplace,8515.88,554.75,-1085.43,0.00,0.00,-142.10,-116.07,-27.99,116.07,27.99,-162.59,64.65,7745.16,8373.78,0.00,487903881,PAID
5579,McDonald's,1544237,"McDonald's (21452 - RT 545, BROWNS MILLS)",21452,2025-06-02,USD,NULL,0.00,0.00,0.00,0.00,0.00,0.00,0.00,0.00,0.00,0.00,0.00,42.69,42.69,0.00,0.00,487903881,PAID
5579,McDonald's,1544237,"McDonald's (21452 - RT 545, BROWNS MILLS)",21452,2025-05-26,USD,Marketplace,8537.56,550.49,-1077.62,0.00,0.00,-227.67,-68.17,0.00,68.17,0.00,-90.42,0.00,7692.34,8309.89,0.00,486132197,PAID
5579,McDonald's,1544237,"McDonald's (21452 - RT 545, BROWNS MILLS)",21452,2025-05-26,USD,NULL,0.00,0.00,0.00,0.00,0.00,0.00,0.00,0.00,0.00,0.00,0.00,40.34,40.34,0.00,0.00,486132197,PAID
5579,McDonald's,1544237,"McDonald's (21452 - RT 545, BROWNS MILLS)",21452,2025-05-19,USD,Marketplace,8068.15,528.36,-1047.31,0.00,0.00,-93.47,-123.87,0.00,123.87,0.00,-82.66,0.00,7373.07,7974.68,0.00,484360789,PAID
5579,McDonald's,1544237,"McDonald's (21452 - RT 545, BROWNS MILLS)",21452,2025-05-19,USD,NULL,0.00,0.00,0.00,0.00,0.00,0.00,0.00,0.00,0.00,0.00,0.00,45.24,45.24,0.00,0.00,484360789,PAID
5579,McDonald's,1544237,"McDonald's (21452 - RT 545, BROWNS MILLS)",21452,2025-05-12,USD,Marketplace,9048.07,589.62,-1147.06,0.00,0.00,-148.42,-124.11,0.00,124.11,0.00,-165.71,0.00,8176.50,8899.65,0.00,482615764,PAID
5579,McDonald's,1544237,"McDonald's (21452 - RT 545, BROWNS MILLS)",21452,2025-05-12,USD,NULL,0.00,0.00,0.00,0.00,0.00,0.00,0.00,0.00,0.00,0.00,0.00,48.01,48.01,0.00,0.00,482615764,PAID
