Business ID,Business name,Store ID,Store name,Merchant store ID,Payout date,Currency,Channel,Subtotal,Subtotal tax passed to merchant,Commission,Payment processing fee,Marketing fees (for historical reference only) | (all discounts and fees),Marketing fee tax (for historical reference only) | (taxes on any applicable marketing fees),Ad fee (for historical reference only),Ad fee tax (for historical reference only),Error charges,Adjustments (for historical reference only),Net total (for historical reference only),Subtotal for tax,Subtotal tax remitted by DoorDash to tax authorities,Payout ID,Payout status
5579,McDonald's,657157,McDonald's (1447-LINDNWLD-W HORSE),1447,2024-09-02,USD,Marketplace,12225.16,720.26,-1409.92,0.00,-1404.50,0.00,0.00,0.00,-165.99,21.30,9986.31,10908.09,0.00,404084538,PAID
5579,McDonald's,657157,McDonald's (1447-LINDNWLD-W HORSE),1447,2024-09-02,USD,NULL,0.00,0.00,0.00,0.00,0.00,0.00,0.00,0.00,0.00,56.21,56.21,0.00,0.00,404084538,PAID
5579,McDonald's,657157,McDonald's (1447-LINDNWLD-W HORSE),1447,2024-08-26,USD,Marketplace,11241.81,681.69,-1352.73,0.00,-1004.24,0.00,0.00,0.00,-160.76,0.00,9405.77,10310.51,0.00,402517009,PAID
5579,McDonald's,657157,McDonald's (1447-LINDNWLD-W HORSE),1447,2024-08-26,USD,NULL,0.00,0.00,0.00,0.00,0.00,0.00,0.00,0.00,0.00,217.33,217.33,0.00,0.00,402517009,PAID
5579,McDonald's,657157,McDonald's (1447-LINDNWLD-W HORSE),1447,2024-08-19,USD,Marketplace,11907.50,746.73,-1470.44,0.00,-660.67,0.00,0.00,0.00,-247.89,5.00,10280.23,11278.77,0.00,401060891,PAID
5579,McDonald's,657157,McDonald's (1447-LINDNWLD-W HORSE),1447,2024-08-19,USD,NULL,0.00,0.00,0.00,0.00,0.00,0.00,0.00,0.00,0.00,51.54,51.54,0.00,0.00,401060891,PAID
5579,McDonald's,657157,McDonald's (1447-LINDNWLD-W HORSE),1447,2024-08-12,USD,Marketplace,10307.01,678.37,-1333.32,0.00,-67.11,0.00,0.00,0.00,-172.51,16.72,9429.16,10239.90,0.00,399614288,PAID
5579,McDonald's,657157,McDonald's (1447-LINDNWLD-W HORSE),1447,2024-08-12,USD,NULL,0.00,0.00,0.00,0.00,0.00,0.00,0.00,0.00,0.00,216.79,216.79,0.00,0.00,399614288,PAID
5579,McDonald's,657157,McDonald's (1447-LINDNWLD-W HORSE),1447,2024-08-05,USD,Marketplace,10514.81,688.57,-1346.12,0.00,-121.64,0.00,0.00,0.00,-151.92,7.71,9591.41,10393.17,0.00,398150096,PAID
5579,McDonald's,657157,McDonald's (1447-LINDNWLD-W HORSE),1447,2024-08-05,USD,NULL,0.00,0.00,0.00,0.00,0.00,0.00,0.00,0.00,0.00,59.58,59.58,0.00,0.00,398150096,PAID
5579,McDonald's,657157,McDonald's (1447-LINDNWLD-W HORSE),1447,2024-07-29,USD,Marketplace,11916.88,773.13,-1517.59,0.00,-245.08,0.00,0.00,0.00,-277.98,3.66,10653.02,11687.38,0.00,396679395,PAID
5579,McDonald's,657157,McDonald's (1447-LINDNWLD-W HORSE),1447,2024-07-29,USD,NULL,0.00,0.00,0.00,0.00,0.00,0.00,0.00,0.00,0.00,54.87,54.87,0.00,0.00,396679395,PAID
5579,McDonald's,657157,McDonald's (1447-LINDNWLD-W HORSE),1447,2024-07-22,USD,Marketplace,10974.19,721.01,-1407.47,0.00,-91.08,0.00,0.00,0.00,-130.97,3.37,10069.05,10883.11,0.00,395244841,PAID
5579,McDonald's,657157,McDonald's (1447-LINDNWLD-W HORSE),1447,2024-07-22,USD,NULL,0.00,0.00,0.00,0.00,0.00,0.00,0.00,0.00,0.00,54.05,54.05,0.00,0.00,395244841,PAID
5579,McDonald's,657157,McDonald's (1447-LINDNWLD-W HORSE),1447,2024-07-15,USD,Marketplace,10810.74,703.88,-1373.24,0.00,-186.94,0.00,0.00,0.00,-301.48,5.29,9658.25,10639.38,0.00,393831793,PAID
5579,McDonald's,657157,McDonald's (1447-LINDNWLD-W HORSE),1447,2024-07-15,USD,NULL,0.00,0.00,0.00,0.00,0.00,0.00,0.00,0.00,0.00,61.92,61.92,0.00,0.00,393831793,PAID
5579,McDonald's,657157,McDonald's (1447-LINDNWLD-W HORSE),1447,2024-07-08,USD,Marketplace,12384.96,740.38,-1455.57,0.00,-1210.77,0.00,0.00,0.00,-210.51,9.43,10257.92,11200.55,0.00,392441776,PAID
5579,McDonald's,657157,McDonald's (1447-LINDNWLD-W HORSE),1447,2024-07-08,USD,NULL,0.00,0.00,0.00,0.00,0.00,0.00,0.00,0.00,0.00,59.05,59.05,0.00,0.00,392441776,PAID
5579,McDonald's,657157,McDonald's (1447-LINDNWLD-W HORSE),1447,2024-07-01,USD,Marketplace,11809.53,743.30,-1440.76,0.00,-589.03,0.00,0.00,0.00,-207.89,3.39,10318.54,11227.69,0.00,391060253,PAID
5579,McDonald's,657157,McDonald's (1447-LINDNWLD-W HORSE),1447,2024-07-01,USD,NULL,0.00,0.00,0.00,0.00,0.00,0.00,0.00,0.00,0.00,58.13,58.13,0.00,0.00,391060253,PAID
5579,McDonald's,657157,McDonald's (1447-LINDNWLD-W HORSE),1447,2024-06-24,USD,Marketplace,11626.65,714.13,-1379.98,0.00,-848.02,0.00,0.00,0.00,-150.94,0.00,9961.84,10786.42,0.00,389661135,PAID
5579,McDonald's,657157,McDonald's (1447-LINDNWLD-W HORSE),1447,2024-06-24,USD,NULL,0.00,0.00,0.00,0.00,0.00,0.00,0.00,0.00,0.00,55.66,55.66,0.00,0.00,389661135,PAID
5579,McDonald's,657157,McDonald's (1447-LINDNWLD-W HORSE),1447,2024-06-17,USD,Marketplace,11132.09,695.51,-1346.09,0.00,-634.52,0.00,0.00,0.00,-266.66,0.00,9580.33,10519.14,0.00,388263079,PAID
5579,McDonald's,657157,McDonald's (1447-LINDNWLD-W HORSE),1447,2024-06-17,USD,NULL,0.00,0.00,0.00,0.00,0.00,0.00,0.00,0.00,0.00,52.36,52.36,0.00,0.00,388263079,PAID
5579,McDonald's,657157,McDonald's (1447-LINDNWLD-W HORSE),1447,2024-06-10,USD,Marketplace,10471.74,688.88,-1327.86,0.00,-73.70,0.00,0.00,0.00,-103.20,0.00,9655.86,10398.04,0.00,386885454,PAID
5579,McDonald's,657157,McDonald's (1447-LINDNWLD-W HORSE),1447,2024-06-10,USD,NULL,0.00,0.00,0.00,0.00,0.00,0.00,0.00,0.00,0.00,64.28,64.28,0.00,0.00,386885454,PAID
5579,McDonald's,657157,McDonald's (1447-LINDNWLD-W HORSE),1447,2024-06-03,USD,Marketplace,12855.78,808.89,-1524.00,0.00,-647.70,0.00,0.00,0.00,-198.55,169.05,11463.47,12222.46,0.00,385482635,PAID
5579,McDonald's,657157,McDonald's (1447-LINDNWLD-W HORSE),1447,2024-06-03,USD,NULL,0.00,0.00,0.00,0.00,0.00,0.00,0.00,0.00,0.00,55.44,55.44,0.00,0.00,385482635,PAID
5579,McDonald's,657157,McDonald's (1447-LINDNWLD-W HORSE),1447,2024-05-27,USD,Marketplace,11087.16,706.76,-1305.49,0.00,-417.62,0.00,0.00,0.00,-285.92,0.00,9784.89,10683.92,0.00,384092850,PAID
5579,McDonald's,657157,McDonald's (1447-LINDNWLD-W HORSE),1447,2024-05-27,USD,NULL,0.00,0.00,0.00,0.00,0.00,0.00,0.00,0.00,0.00,58.77,58.77,0.00,0.00,384092850,PAID
5579,McDonald's,657157,McDonald's (1447-LINDNWLD-W HORSE),1447,2024-05-20,USD,Marketplace,11753.69,750.72,-1444.34,0.00,-421.89,0.00,0.00,0.00,-171.43,0.00,10466.75,11337.59,0.00,382703829,PAID
5579,McDonald's,657157,McDonald's (1447-LINDNWLD-W HORSE),1447,2024-05-20,USD,NULL,0.00,0.00,0.00,0.00,0.00,0.00,0.00,0.00,0.00,55.53,55.53,0.00,0.00,382703829,PAID
5579,McDonald's,657157,McDonald's (1447-LINDNWLD-W HORSE),1447,2024-05-13,USD,Marketplace,11106.12,720.26,-1399.11,0.00,-234.01,0.00,0.00,0.00,-114.83,0.00,10078.43,10883.69,0.00,381350511,PAID
5579,McDonald's,657157,McDonald's (1447-LINDNWLD-W HORSE),1447,2024-05-13,USD,NULL,0.00,0.00,0.00,0.00,0.00,0.00,0.00,0.00,0.00,61.15,61.15,0.00,0.00,381350511,PAID
5579,McDonald's,659406,McDonald's (4592-OCEAN CITY),4592,2024-09-02,USD,Marketplace,4068.74,251.78,-477.44,0.00,-268.43,0.00,0.00,0.00,-83.98,0.00,3490.67,3800.31,0.00,404074100,PAID
5579,McDonald's,659406,McDonald's (4592-OCEAN CITY),4592,2024-09-02,USD,NULL,0.00,0.00,0.00,0.00,0.00,0.00,0.00,0.00,0.00,18.71,18.71,0.00,0.00,404074100,PAID
5579,McDonald's,659406,McDonald's (4592-OCEAN CITY),4592,2024-08-26,USD,Marketplace,3742.87,240.88,-468.25,0.00,-107.85,0.00,0.00,0.00,-63.10,0.00,3344.55,3635.02,0.00,402506587,PAID
5579,McDonald's,659406,McDonald's (4592-OCEAN CITY),4592,2024-08-26,USD,NULL,0.00,0.00,0.00,0.00,0.00,0.00,0.00,0.00,0.00,70.99,70.99,0.00,0.00,402506587,PAID
5579,McDonald's,659406,McDonald's (4592-OCEAN CITY),4592,2024-08-19,USD,Marketplace,4097.01,265.26,-516.36,0.00,-93.47,0.00,0.00,0.00,-76.61,0.00,3675.83,4003.54,0.00,401060156,PAID
5579,McDonald's,659406,McDonald's (4592-OCEAN CITY),4592,2024-08-19,USD,NULL,0.00,0.00,0.00,0.00,0.00,0.00,0.00,0.00,0.00,11.46,11.46,0.00,0.00,401060156,PAID
5579,McDonald's,659406,McDonald's (4592-OCEAN CITY),4592,2024-08-12,USD,Marketplace,4192.02,272.75,-523.24,0.00,-74.90,0.00,0.00,0.00,-11.46,0.00,3855.17,4117.12,0.00,399608131,PAID
5579,McDonald's,659406,McDonald's (4592-OCEAN CITY),4592,2024-08-12,USD,NULL,0.00,0.00,0.00,0.00,0.00,0.00,0.00,0.00,0.00,59.36,59.36,0.00,0.00,399608131,PAID
5579,McDonald's,659406,McDonald's (4592-OCEAN CITY),4592,2024-08-05,USD,Marketplace,5331.17,349.68,-664.64,0.00,-53.33,0.00,0.00,0.00,-96.70,0.00,4866.18,5277.84,0.00,398150879,PAID
5579,McDonald's,659406,McDonald's (4592-OCEAN CITY),4592,2024-08-05,USD,NULL,0.00,0.00,0.00,0.00,0.00,0.00,0.00,0.00,0.00,25.16,25.16,0.00,0.00,398150879,PAID
5579,McDonald's,659406,McDonald's (4592-OCEAN CITY),4592,2024-07-29,USD,Marketplace,5032.85,328.46,-636.19,0.00,-75.50,0.00,0.00,0.00,-41.51,0.00,4608.11,4957.35,0.00,396685915,PAID
5579,McDonald's,659406,McDonald's (4592-OCEAN CITY),4592,2024-07-29,USD,NULL,0.00,0.00,0.00,0.00,0.00,0.00,0.00,0.00,0.00,25.82,25.82,0.00,0.00,396685915,PAID
5579,McDonald's,659406,McDonald's (4592-OCEAN CITY),4592,2024-07-22,USD,Marketplace,5163.20,339.17,-659.56,0.00,-43.74,0.00,0.00,0.00,-32.04,0.00,4767.03,5119.46,0.00,395245546,PAID
5579,McDonald's,659406,McDonald's (4592-OCEAN CITY),4592,2024-07-22,USD,NULL,0.00,0.00,0.00,0.00,0.00,0.00,0.00,0.00,0.00,23.67,23.67,0.00,0.00,395245546,PAID
5579,McDonald's,659406,McDonald's (4592-OCEAN CITY),4592,2024-07-15,USD,Marketplace,4733.43,308.33,-594.13,0.00,-78.92,0.00,0.00,0.00,-43.45,0.00,4325.26,4654.51,0.00,393831969,PAID
5579,McDonald's,659406,McDonald's (4592-OCEAN CITY),4592,2024-07-15,USD,NULL,0.00,0.00,0.00,0.00,0.00,0.00,0.00,0.00,0.00,29.04,29.04,0.00,0.00,393831969,PAID
5579,McDonald's,659406,McDonald's (4592-OCEAN CITY),4592,2024-07-08,USD,Marketplace,5807.72,357.21,-695.85,0.00,-416.24,0.00,0.00,0.00,-105.01,0.00,4947.83,5398.67,0.00,392435374,PAID
5579,McDonald's,659406,McDonald's (4592-OCEAN CITY),4592,2024-07-08,USD,NULL,0.00,0.00,0.00,0.00,0.00,0.00,0.00,0.00,0.00,20.50,20.50,0.00,0.00,392435374,PAID
5579,McDonald's,659406,McDonald's (4592-OCEAN CITY),4592,2024-07-01,USD,Marketplace,4100.89,262.09,-507.36,0.00,-144.54,0.00,0.00,0.00,-73.53,0.00,3637.55,3956.35,0.00,391054026,PAID
5579,McDonald's,659406,McDonald's (4592-OCEAN CITY),4592,2024-07-01,USD,NULL,0.00,0.00,0.00,0.00,0.00,0.00,0.00,0.00,0.00,19.10,19.10,0.00,0.00,391054026,PAID
5579,McDonald's,659406,McDonald's (4592-OCEAN CITY),4592,2024-06-24,USD,Marketplace,3819.91,237.01,-452.51,0.00,-243.04,0.00,0.00,0.00,-163.87,0.00,3197.50,3591.25,0.00,389666548,PAID
5579,McDonald's,659406,McDonald's (4592-OCEAN CITY),4592,2024-06-24,USD,NULL,0.00,0.00,0.00,0.00,0.00,0.00,0.00,0.00,0.00,16.90,16.90,0.00,0.00,389666548,PAID
5579,McDonald's,659406,McDonald's (4592-OCEAN CITY),4592,2024-06-17,USD,Marketplace,3379.82,214.35,-414.60,0.00,-144.40,0.00,0.00,0.00,-19.00,0.00,3016.17,3235.42,0.00,388269988,PAID
5579,McDonald's,659406,McDonald's (4592-OCEAN CITY),4592,2024-06-17,USD,NULL,0.00,0.00,0.00,0.00,0.00,0.00,0.00,0.00,0.00,9.84,9.84,0.00,0.00,388269988,PAID
5579,McDonald's,659406,McDonald's (4592-OCEAN CITY),4592,2024-06-10,USD,Marketplace,1968.52,129.47,-250.36,0.00,-14.38,0.00,0.00,0.00,-12.77,0.00,1820.48,1954.14,0.00,386878494,PAID
5579,McDonald's,659406,McDonald's (4592-OCEAN CITY),4592,2024-06-10,USD,NULL,0.00,0.00,0.00,0.00,0.00,0.00,0.00,0.00,0.00,13.20,13.20,0.00,0.00,386878494,PAID
5579,McDonald's,659406,McDonald's (4592-OCEAN CITY),4592,2024-06-03,USD,Marketplace,2639.46,162.50,-302.97,0.00,-194.13,0.00,0.00,0.00,-23.71,0.00,2281.15,2452.52,0.00,385483688,PAID
5579,McDonald's,659406,McDonald's (4592-OCEAN CITY),4592,2024-06-03,USD,NULL,0.00,0.00,0.00,0.00,0.00,0.00,0.00,0.00,0.00,19.24,19.24,0.00,0.00,385483688,PAID
5579,McDonald's,659406,McDonald's (4592-OCEAN CITY),4592,2024-05-27,USD,Marketplace,3848.89,243.54,-438.19,0.00,-172.56,0.00,0.00,0.00,-23.36,0.00,3458.32,3676.33,0.00,384094474,PAID
5579,McDonald's,659406,McDonald's (4592-OCEAN CITY),4592,2024-05-27,USD,NULL,0.00,0.00,0.00,0.00,0.00,0.00,0.00,0.00,0.00,9.62,9.62,0.00,0.00,384094474,PAID
5579,McDonald's,659406,McDonald's (4592-OCEAN CITY),4592,2024-05-20,USD,Marketplace,1924.66,125.29,-242.00,0.00,-34.74,0.00,0.00,0.00,-16.64,0.00,1756.57,1889.92,0.00,382705497,PAID
5579,McDonald's,659406,McDonald's (4592-OCEAN CITY),4592,2024-05-20,USD,NULL,0.00,0.00,0.00,0.00,0.00,0.00,0.00,0.00,0.00,5.32,5.32,0.00,0.00,382705497,PAID
5579,McDonald's,659406,McDonald's (4592-OCEAN CITY),4592,2024-05-13,USD,Marketplace,1721.99,112.52,-222.57,0.00,-24.56,0.00,0.00,0.00,-5.32,0.00,1582.06,1697.43,0.00,381351562,PAID
5579,McDonald's,659406,McDonald's (4592-OCEAN CITY),4592,2024-05-13,USD,NULL,0.00,0.00,0.00,0.00,0.00,0.00,0.00,0.00,0.00,7.93,7.93,0.00,0.00,381351562,PAID
5579,McDonald's,946236,McDonald's (12008-CROSS KEYS),12008,2024-09-02,USD,Marketplace,5555.34,342.73,-679.34,0.00,-381.07,0.00,0.00,0.00,-77.80,0.00,4759.86,5188.65,0.00,404082742,PAID
5579,McDonald's,946236,McDonald's (12008-CROSS KEYS),12008,2024-09-02,USD,NULL,0.00,0.00,0.00,0.00,0.00,0.00,0.00,0.00,0.00,21.08,21.08,0.00,0.00,404082742,PAID
5579,McDonald's,946236,McDonald's (12008-CROSS KEYS),12008,2024-08-26,USD,Marketplace,4215.07,267.20,-523.42,0.00,-181.55,0.00,0.00,0.00,-83.87,0.00,3693.43,4033.52,0.00,402508169,PAID
5579,McDonald's,946236,McDonald's (12008-CROSS KEYS),12008,2024-08-26,USD,NULL,0.00,0.00,0.00,0.00,0.00,0.00,0.00,0.00,0.00,112.31,112.31,0.00,0.00,402508169,PAID
5579,McDonald's,946236,McDonald's (12008-CROSS KEYS),12008,2024-08-19,USD,Marketplace,4577.67,292.29,-579.84,0.00,-166.57,0.00,0.00,0.00,-69.01,14.98,4069.52,4425.48,0.00,401066953,PAID
5579,McDonald's,946236,McDonald's (12008-CROSS KEYS),12008,2024-08-19,USD,NULL,0.00,0.00,0.00,0.00,0.00,0.00,0.00,0.00,0.00,18.26,18.26,0.00,0.00,401066953,PAID
5579,McDonald's,946236,McDonald's (12008-CROSS KEYS),12008,2024-08-12,USD,Marketplace,4323.30,285.98,-566.12,0.00,-7.19,0.00,0.00,0.00,-18.26,0.00,4017.71,4316.11,0.00,399614184,PAID
5579,McDonald's,946236,McDonald's (12008-CROSS KEYS),12008,2024-08-12,USD,NULL,0.00,0.00,0.00,0.00,0.00,0.00,0.00,0.00,0.00,84.20,84.20,0.00,0.00,399614184,PAID
5579,McDonald's,946236,McDonald's (12008-CROSS KEYS),12008,2024-08-05,USD,Marketplace,3862.95,252.97,-500.98,0.00,-45.54,0.00,0.00,0.00,-45.50,0.00,3523.90,3817.41,0.00,398153976,PAID
5579,McDonald's,946236,McDonald's (12008-CROSS KEYS),12008,2024-08-05,USD,NULL,0.00,0.00,0.00,0.00,0.00,0.00,0.00,0.00,0.00,20.38,20.38,0.00,0.00,398153976,PAID
5579,McDonald's,946236,McDonald's (12008-CROSS KEYS),12008,2024-07-29,USD,Marketplace,4075.29,262.42,-519.75,0.00,-115.05,0.00,0.00,0.00,-76.36,17.37,3643.92,3960.24,0.00,396681473,PAID
5579,McDonald's,946236,McDonald's (12008-CROSS KEYS),12008,2024-07-29,USD,NULL,0.00,0.00,0.00,0.00,0.00,0.00,0.00,0.00,0.00,18.51,18.51,0.00,0.00,396681473,PAID
5579,McDonald's,946236,McDonald's (12008-CROSS KEYS),12008,2024-07-22,USD,Marketplace,3702.31,243.83,-487.18,0.00,-22.17,0.00,0.00,0.00,-27.28,0.00,3409.51,3680.14,0.00,395246152,PAID
5579,McDonald's,946236,McDonald's (12008-CROSS KEYS),12008,2024-07-22,USD,NULL,0.00,0.00,0.00,0.00,0.00,0.00,0.00,0.00,0.00,2.96,2.96,0.00,0.00,395246152,PAID
5579,McDonald's,946236,McDonald's (12008-CROSS KEYS),12008,2024-07-15,USD,Marketplace,3716.42,242.26,-482.00,0.00,-66.51,0.00,0.00,0.00,-2.96,0.00,3407.21,3657.10,0.00,393830530,PAID
5579,McDonald's,946236,McDonald's (12008-CROSS KEYS),12008,2024-07-15,USD,NULL,0.00,0.00,0.00,0.00,0.00,0.00,0.00,0.00,0.00,25.18,25.18,0.00,0.00,393830530,PAID
5579,McDonald's,946236,McDonald's (12008-CROSS KEYS),12008,2024-07-08,USD,Marketplace,5035.73,297.55,-589.62,0.00,-544.00,0.00,0.00,0.00,-40.88,16.19,4174.97,4498.92,0.00,392436754,PAID
5579,McDonald's,946236,McDonald's (12008-CROSS KEYS),12008,2024-07-08,USD,NULL,0.00,0.00,0.00,0.00,0.00,0.00,0.00,0.00,0.00,27.38,27.38,0.00,0.00,392436754,PAID
5579,McDonald's,946236,McDonald's (12008-CROSS KEYS),12008,2024-07-01,USD,Marketplace,5475.39,344.43,-690.42,0.00,-277.38,0.00,0.00,0.00,-43.88,0.00,4808.14,5198.01,0.00,391060012,PAID
5579,McDonald's,946236,McDonald's (12008-CROSS KEYS),12008,2024-07-01,USD,NULL,0.00,0.00,0.00,0.00,0.00,0.00,0.00,0.00,0.00,26.09,26.09,0.00,0.00,391060012,PAID
5579,McDonald's,946236,McDonald's (12008-CROSS KEYS),12008,2024-06-24,USD,Marketplace,5217.72,322.02,-633.62,0.00,-357.49,0.00,0.00,0.00,-70.90,0.00,4477.73,4867.42,0.00,389663157,PAID
5579,McDonald's,946236,McDonald's (12008-CROSS KEYS),12008,2024-06-24,USD,NULL,0.00,0.00,0.00,0.00,0.00,0.00,0.00,0.00,0.00,22.20,22.20,0.00,0.00,389663157,PAID
5579,McDonald's,946236,McDonald's (12008-CROSS KEYS),12008,2024-06-17,USD,Marketplace,4439.08,277.83,-556.60,0.00,-244.46,0.00,0.00,0.00,-84.97,18.04,3848.92,4194.62,0.00,388266906,PAID
5579,McDonald's,946236,McDonald's (12008-CROSS KEYS),12008,2024-06-17,USD,NULL,0.00,0.00,0.00,0.00,0.00,0.00,0.00,0.00,0.00,21.17,21.17,0.00,0.00,388266906,PAID
5579,McDonald's,946236,McDonald's (12008-CROSS KEYS),12008,2024-06-10,USD,Marketplace,4233.03,279.90,-561.55,0.00,-7.19,0.00,0.00,0.00,-65.89,0.00,3878.30,4225.84,0.00,386884169,PAID
5579,McDonald's,946236,McDonald's (12008-CROSS KEYS),12008,2024-06-10,USD,NULL,0.00,0.00,0.00,0.00,0.00,0.00,0.00,0.00,0.00,22.33,22.33,0.00,0.00,386884169,PAID
5579,McDonald's,946236,McDonald's (12008-CROSS KEYS),12008,2024-06-03,USD,Marketplace,4465.81,281.53,-568.10,0.00,-215.70,0.00,0.00,0.00,-34.54,0.00,3929.00,4257.30,0.00,385481415,PAID
5579,McDonald's,946236,McDonald's (12008-CROSS KEYS),12008,2024-06-03,USD,NULL,0.00,0.00,0.00,0.00,0.00,0.00,0.00,0.00,0.00,26.44,26.44,0.00,0.00,385481415,PAID
5579,McDonald's,946236,McDonald's (12008-CROSS KEYS),12008,2024-05-27,USD,Marketplace,5288.10,336.44,-673.66,0.00,-208.51,0.00,0.00,0.00,-49.80,0.00,4692.57,5079.59,0.00,384102628,PAID
5579,McDonald's,946236,McDonald's (12008-CROSS KEYS),12008,2024-05-27,USD,NULL,0.00,0.00,0.00,0.00,0.00,0.00,0.00,0.00,0.00,23.16,23.16,0.00,0.00,384102628,PAID
5579,McDonald's,946236,McDonald's (12008-CROSS KEYS),12008,2024-05-20,USD,Marketplace,4632.72,298.82,-598.30,0.00,-121.59,0.00,0.00,0.00,-45.76,0.00,4165.89,4522.71,0.00,382697301,PAID
5579,McDonald's,946236,McDonald's (12008-CROSS KEYS),12008,2024-05-20,USD,NULL,0.00,0.00,0.00,0.00,0.00,0.00,0.00,0.00,0.00,20.26,20.26,0.00,0.00,382697301,PAID
5579,McDonald's,946236,McDonald's (12008-CROSS KEYS),12008,2024-05-13,USD,Marketplace,4052.16,263.38,-522.91,0.00,-76.67,0.00,0.00,0.00,-58.37,0.00,3657.59,3987.07,0.00,381355087,PAID
5579,McDonald's,946236,McDonald's (12008-CROSS KEYS),12008,2024-05-13,USD,NULL,0.00,0.00,0.00,0.00,0.00,0.00,0.00,0.00,0.00,22.07,22.07,0.00,0.00,381355087,PAID
5579,McDonald's,946241,McDonald's (18170-NO WOODBURY),18170,2024-09-02,USD,Marketplace,8695.15,534.91,-1029.90,0.00,-618.94,0.00,0.00,0.00,-195.85,13.40,7398.77,8083.40,0.00,404078775,PAID
5579,McDonald's,946241,McDonald's (18170-NO WOODBURY),18170,2024-09-02,USD,NULL,0.00,0.00,0.00,0.00,0.00,0.00,0.00,0.00,0.00,36.66,36.66,0.00,0.00,404078775,PAID
5579,McDonald's,946241,McDonald's (18170-NO WOODBURY),18170,2024-08-26,USD,Marketplace,7332.37,464.81,-905.23,0.00,-316.96,0.00,0.00,0.00,-141.43,0.00,6433.56,7015.41,0.00,402517267,PAID
5579,McDonald's,946241,McDonald's (18170-NO WOODBURY),18170,2024-08-26,USD,NULL,0.00,0.00,0.00,0.00,0.00,0.00,0.00,0.00,0.00,155.74,155.74,0.00,0.00,402517267,PAID
5579,McDonald's,946241,McDonald's (18170-NO WOODBURY),18170,2024-08-19,USD,Marketplace,8056.28,512.55,-1001.54,0.00,-318.16,0.00,0.00,0.00,-236.19,4.73,7017.67,7766.88,0.00,401066923,PAID
5579,McDonald's,946241,McDonald's (18170-NO WOODBURY),18170,2024-08-19,USD,NULL,0.00,0.00,0.00,0.00,0.00,0.00,0.00,0.00,0.00,36.91,36.91,0.00,0.00,401066923,PAID
5579,McDonald's,946241,McDonald's (18170-NO WOODBURY),18170,2024-08-12,USD,Marketplace,7382.98,486.37,-941.75,0.00,-37.15,0.00,0.00,0.00,-305.05,0.00,6585.40,7340.63,0.00,399612691,PAID
5579,McDonald's,946241,McDonald's (18170-NO WOODBURY),18170,2024-08-12,USD,NULL,0.00,0.00,0.00,0.00,0.00,0.00,0.00,0.00,0.00,153.29,153.29,0.00,0.00,399612691,PAID
5579,McDonald's,946241,McDonald's (18170-NO WOODBURY),18170,2024-08-05,USD,Marketplace,8522.65,558.79,-1088.81,0.00,-89.28,0.00,0.00,0.00,-242.79,0.00,7660.56,8433.37,0.00,398152831,PAID
5579,McDonald's,946241,McDonald's (18170-NO WOODBURY),18170,2024-08-05,USD,NULL,0.00,0.00,0.00,0.00,0.00,0.00,0.00,0.00,0.00,36.89,36.89,0.00,0.00,398152831,PAID
5579,McDonald's,946241,McDonald's (18170-NO WOODBURY),18170,2024-07-29,USD,Marketplace,7378.71,474.97,-917.39,0.00,-208.53,0.00,0.00,0.00,-154.34,0.00,6573.42,7170.18,0.00,396690950,PAID
5579,McDonald's,946241,McDonald's (18170-NO WOODBURY),18170,2024-07-29,USD,NULL,0.00,0.00,0.00,0.00,0.00,0.00,0.00,0.00,0.00,41.37,41.37,0.00,0.00,396690950,PAID
5579,McDonald's,946241,McDonald's (18170-NO WOODBURY),18170,2024-07-22,USD,Marketplace,8273.95,544.68,-1054.34,0.00,-52.73,0.00,0.00,0.00,-207.81,3.17,7506.92,8221.22,0.00,395244992,PAID
5579,McDonald's,946241,McDonald's (18170-NO WOODBURY),18170,2024-07-22,USD,NULL,0.00,0.00,0.00,0.00,0.00,0.00,0.00,0.00,0.00,39.77,39.77,0.00,0.00,395244992,PAID
5579,McDonald's,946241,McDonald's (18170-NO WOODBURY),18170,2024-07-15,USD,Marketplace,7953.92,514.48,-997.98,0.00,-185.85,0.00,0.00,0.00,-159.61,5.24,7130.20,7775.86,0.00,393833521,PAID
5579,McDonald's,946241,McDonald's (18170-NO WOODBURY),18170,2024-07-15,USD,NULL,0.00,0.00,0.00,0.00,0.00,0.00,0.00,0.00,0.00,47.59,47.59,0.00,0.00,393833521,PAID
5579,McDonald's,946241,McDonald's (18170-NO WOODBURY),18170,2024-07-08,USD,Marketplace,9518.31,580.43,-1139.48,0.00,-756.29,0.00,0.00,0.00,-190.96,0.00,8012.01,8799.77,0.00,392447621,PAID
5579,McDonald's,946241,McDonald's (18170-NO WOODBURY),18170,2024-07-08,USD,NULL,0.00,0.00,0.00,0.00,0.00,0.00,0.00,0.00,0.00,44.07,44.07,0.00,0.00,392447621,PAID
5579,McDonald's,946241,McDonald's (18170-NO WOODBURY),18170,2024-07-01,USD,Marketplace,8813.39,551.08,-1072.44,0.00,-496.08,0.00,0.00,0.00,-314.46,15.03,7496.52,8330.49,0.00,391063468,PAID
5579,McDonald's,946241,McDonald's (18170-NO WOODBURY),18170,2024-07-01,USD,NULL,0.00,0.00,0.00,0.00,0.00,0.00,0.00,0.00,0.00,43.26,43.26,0.00,0.00,391063468,PAID
5579,McDonald's,946241,McDonald's (18170-NO WOODBURY),18170,2024-06-24,USD,Marketplace,8651.56,534.20,-1032.38,0.00,-594.81,0.00,0.00,0.00,-182.15,0.00,7376.42,8078.92,0.00,389664701,PAID
5579,McDonald's,946241,McDonald's (18170-NO WOODBURY),18170,2024-06-24,USD,NULL,0.00,0.00,0.00,0.00,0.00,0.00,0.00,0.00,0.00,37.46,37.46,0.00,0.00,389664701,PAID
5579,McDonald's,946241,McDonald's (18170-NO WOODBURY),18170,2024-06-17,USD,Marketplace,7492.00,472.97,-922.43,0.00,-352.31,0.00,0.00,0.00,-147.18,0.00,6543.05,7139.69,0.00,388264513,PAID
5579,McDonald's,946241,McDonald's (18170-NO WOODBURY),18170,2024-06-17,USD,NULL,0.00,0.00,0.00,0.00,0.00,0.00,0.00,0.00,0.00,35.58,35.58,0.00,0.00,388264513,PAID
5579,McDonald's,946241,McDonald's (18170-NO WOODBURY),18170,2024-06-10,USD,Marketplace,7115.67,469.54,-916.60,0.00,-28.76,0.00,0.00,0.00,-164.06,0.00,6475.79,7086.91,0.00,386882206,PAID
5579,McDonald's,946241,McDonald's (18170-NO WOODBURY),18170,2024-06-10,USD,NULL,0.00,0.00,0.00,0.00,0.00,0.00,0.00,0.00,0.00,42.82,42.82,0.00,0.00,386882206,PAID
5579,McDonald's,946241,McDonald's (18170-NO WOODBURY),18170,2024-06-03,USD,Marketplace,8563.37,536.35,-1006.80,0.00,-467.95,0.00,0.00,0.00,-178.94,0.00,7446.03,8109.80,0.00,385490218,PAID
5579,McDonald's,946241,McDonald's (18170-NO WOODBURY),18170,2024-06-03,USD,NULL,0.00,0.00,0.00,0.00,0.00,0.00,0.00,0.00,0.00,36.92,36.92,0.00,0.00,385490218,PAID
5579,McDonald's,946241,McDonald's (18170-NO WOODBURY),18170,2024-05-27,USD,Marketplace,7383.63,473.87,-884.20,0.00,-230.68,0.00,0.00,0.00,-196.53,43.81,6589.90,7160.14,0.00,384095115,PAID
5579,McDonald's,946241,McDonald's (18170-NO WOODBURY),18170,2024-05-27,USD,NULL,0.00,0.00,0.00,0.00,0.00,0.00,0.00,0.00,0.00,39.93,39.93,0.00,0.00,384095115,PAID
5579,McDonald's,946241,McDonald's (18170-NO WOODBURY),18170,2024-05-20,USD,Marketplace,7986.09,511.52,-996.06,0.00,-264.96,0.00,0.00,0.00,-237.42,0.00,6999.17,7721.13,0.00,382701645,PAID
5579,McDonald's,946241,McDonald's (18170-NO WOODBURY),18170,2024-05-20,USD,NULL,0.00,0.00,0.00,0.00,0.00,0.00,0.00,0.00,0.00,38.55,38.55,0.00,0.00,382701645,PAID
5579,McDonald's,946241,McDonald's (18170-NO WOODBURY),18170,2024-05-13,USD,Marketplace,7710.51,504.21,-986.43,0.00,-99.44,0.00,0.00,0.00,-157.37,18.13,6989.61,7611.07,0.00,381351700,PAID
5579,McDonald's,946241,McDonald's (18170-NO WOODBURY),18170,2024-05-13,USD,NULL,0.00,0.00,0.00,0.00,0.00,0.00,0.00,0.00,0.00,37.42,37.42,0.00,0.00,381351700,PAID
5579,McDonald's,946252,McDonald's (18576-WINSLOW),18576,2024-09-02,USD,Marketplace,9665.78,584.25,-1232.56,0.00,-847.33,0.00,0.00,0.00,-260.74,32.97,7942.37,8832.83,0.00,404085823,PAID
5579,McDonald's,946252,McDonald's (18576-WINSLOW),18576,2024-09-02,USD,NULL,0.00,0.00,0.00,0.00,0.00,0.00,0.00,0.00,0.00,45.64,45.64,0.00,0.00,404085823,PAID
5579,McDonald's,946252,McDonald's (18576-WINSLOW),18576,2024-08-26,USD,Marketplace,9127.49,562.10,-1193.19,0.00,-642.17,0.00,0.00,0.00,-345.17,31.68,7540.74,8499.70,0.00,402506702,PAID
5579,McDonald's,946252,McDonald's (18576-WINSLOW),18576,2024-08-26,USD,NULL,0.00,0.00,0.00,0.00,0.00,0.00,0.00,0.00,0.00,175.26,175.26,0.00,0.00,402506702,PAID
5579,McDonald's,946252,McDonald's (18576-WINSLOW),18576,2024-08-19,USD,Marketplace,9253.95,579.77,-1225.30,0.00,-503.25,0.00,0.00,0.00,-407.49,122.89,7820.57,8765.08,0.00,401065780,PAID
5579,McDonald's,946252,McDonald's (18576-WINSLOW),18576,2024-08-19,USD,NULL,0.00,0.00,0.00,0.00,0.00,0.00,0.00,0.00,0.00,48.61,48.61,0.00,0.00,401065780,PAID
5579,McDonald's,946252,McDonald's (18576-WINSLOW),18576,2024-08-12,USD,Marketplace,9721.40,631.16,-1340.83,0.00,-191.93,0.00,0.00,0.00,-332.79,221.80,8708.81,9543.85,0.00,399616368,PAID
5579,McDonald's,946252,McDonald's (18576-WINSLOW),18576,2024-08-12,USD,NULL,0.00,0.00,0.00,0.00,0.00,0.00,0.00,0.00,0.00,165.89,165.89,0.00,0.00,399616368,PAID
5579,McDonald's,946252,McDonald's (18576-WINSLOW),18576,2024-08-05,USD,Marketplace,8786.69,577.20,-1233.66,0.00,-74.30,0.00,0.00,0.00,-271.32,81.26,7865.87,8719.58,0.00,398148127,PAID
5579,McDonald's,946252,McDonald's (18576-WINSLOW),18576,2024-08-05,USD,NULL,0.00,0.00,0.00,0.00,0.00,0.00,0.00,0.00,0.00,46.63,46.63,0.00,0.00,398148127,PAID
5579,McDonald's,946252,McDonald's (18576-WINSLOW),18576,2024-07-29,USD,Marketplace,9326.42,601.60,-1279.58,0.00,-246.28,0.00,0.00,0.00,-337.30,115.99,8180.85,9087.93,0.00,396682295,PAID
5579,McDonald's,946252,McDonald's (18576-WINSLOW),18576,2024-07-29,USD,NULL,0.00,0.00,0.00,0.00,0.00,0.00,0.00,0.00,0.00,44.36,44.36,0.00,0.00,396682295,PAID
5579,McDonald's,946252,McDonald's (18576-WINSLOW),18576,2024-07-22,USD,Marketplace,8871.54,580.03,-1234.98,0.00,-116.24,0.00,0.00,0.00,-294.87,25.95,7831.43,8762.49,0.00,395245480,PAID
5579,McDonald's,946252,McDonald's (18576-WINSLOW),18576,2024-07-22,USD,NULL,0.00,0.00,0.00,0.00,0.00,0.00,0.00,0.00,0.00,43.39,43.39,0.00,0.00,395245480,PAID
5579,McDonald's,946252,McDonald's (18576-WINSLOW),18576,2024-07-15,USD,Marketplace,8678.32,562.98,-1206.47,0.00,-188.73,0.00,0.00,0.00,-222.28,133.08,7756.90,8496.78,0.00,393836285,PAID
5579,McDonald's,946252,McDonald's (18576-WINSLOW),18576,2024-07-15,USD,NULL,0.00,0.00,0.00,0.00,0.00,0.00,0.00,0.00,0.00,54.62,54.62,0.00,0.00,393836285,PAID
5579,McDonald's,946252,McDonald's (18576-WINSLOW),18576,2024-07-08,USD,Marketplace,10923.51,661.18,-1412.09,0.00,-944.40,0.00,0.00,0.00,-398.52,326.13,9155.81,9998.52,0.00,392446755,PAID
5579,McDonald's,946252,McDonald's (18576-WINSLOW),18576,2024-07-08,USD,NULL,0.00,0.00,0.00,0.00,0.00,0.00,0.00,0.00,0.00,53.63,53.63,0.00,0.00,392446755,PAID
5579,McDonald's,946252,McDonald's (18576-WINSLOW),18576,2024-07-01,USD,Marketplace,10726.23,680.16,-1455.85,0.00,-459.85,0.00,0.00,0.00,-267.99,10.77,9233.47,10281.36,0.00,391063711,PAID
5579,McDonald's,946252,McDonald's (18576-WINSLOW),18576,2024-07-01,USD,NULL,0.00,0.00,0.00,0.00,0.00,0.00,0.00,0.00,0.00,48.71,48.71,0.00,0.00,391063711,PAID
5579,McDonald's,946252,McDonald's (18576-WINSLOW),18576,2024-06-24,USD,Marketplace,9741.12,605.23,-1282.28,0.00,-612.97,0.00,0.00,0.00,-282.66,0.00,8168.44,9173.09,0.00,389657009,PAID
5579,McDonald's,946252,McDonald's (18576-WINSLOW),18576,2024-06-24,USD,NULL,0.00,0.00,0.00,0.00,0.00,0.00,0.00,0.00,0.00,47.55,47.55,0.00,0.00,389657009,PAID
5579,McDonald's,946252,McDonald's (18576-WINSLOW),18576,2024-06-17,USD,Marketplace,9509.23,599.43,-1271.84,0.00,-460.76,0.00,0.00,0.00,-163.74,39.29,8251.61,9055.66,0.00,388266664,PAID
5579,McDonald's,946252,McDonald's (18576-WINSLOW),18576,2024-06-17,USD,NULL,0.00,0.00,0.00,0.00,0.00,0.00,0.00,0.00,0.00,42.32,42.32,0.00,0.00,388266664,PAID
5579,McDonald's,946252,McDonald's (18576-WINSLOW),18576,2024-06-10,USD,Marketplace,8464.25,558.71,-1184.06,0.00,-29.36,0.00,0.00,0.00,-186.35,131.63,7754.82,8434.89,0.00,386886408,PAID
5579,McDonald's,946252,McDonald's (18576-WINSLOW),18576,2024-06-10,USD,NULL,0.00,0.00,0.00,0.00,0.00,0.00,0.00,0.00,0.00,48.22,48.22,0.00,0.00,386886408,PAID
5579,McDonald's,946252,McDonald's (18576-WINSLOW),18576,2024-06-03,USD,Marketplace,9644.40,607.08,-1234.63,0.00,-481.73,0.00,0.00,0.00,-268.59,32.98,8299.51,9162.67,0.00,385484436,PAID
5579,McDonald's,946252,McDonald's (18576-WINSLOW),18576,2024-06-03,USD,NULL,0.00,0.00,0.00,0.00,0.00,0.00,0.00,0.00,0.00,42.31,42.31,0.00,0.00,385484436,PAID
5579,McDonald's,946252,McDonald's (18576-WINSLOW),18576,2024-05-27,USD,Marketplace,8461.82,540.53,-1050.04,0.00,-302.58,0.00,0.00,0.00,-183.78,237.50,7703.45,8166.43,0.00,384096542,PAID
5579,McDonald's,946252,McDonald's (18576-WINSLOW),18576,2024-05-27,USD,NULL,0.00,0.00,0.00,0.00,0.00,0.00,0.00,0.00,0.00,49.58,49.58,0.00,0.00,384096542,PAID
5579,McDonald's,946252,McDonald's (18576-WINSLOW),18576,2024-05-20,USD,Marketplace,9915.16,643.09,-1372.28,0.00,-206.05,0.00,0.00,0.00,-231.79,135.13,8883.26,9709.11,0.00,382708606,PAID
5579,McDonald's,946252,McDonald's (18576-WINSLOW),18576,2024-05-20,USD,NULL,0.00,0.00,0.00,0.00,0.00,0.00,0.00,0.00,0.00,41.44,41.44,0.00,0.00,382708606,PAID
5579,McDonald's,946252,McDonald's (18576-WINSLOW),18576,2024-05-13,USD,Marketplace,8288.51,540.29,-1152.43,0.00,-132.98,0.00,0.00,0.00,-181.02,0.00,7362.37,8168.51,0.00,381344644,PAID
5579,McDonald's,946252,McDonald's (18576-WINSLOW),18576,2024-05-13,USD,NULL,0.00,0.00,0.00,0.00,0.00,0.00,0.00,0.00,0.00,44.91,44.91,0.00,0.00,381344644,PAID
5579,McDonald's,946258,McDonald's (2401-TURNERSVILLE),2401,2024-09-02,USD,Marketplace,3915.65,239.83,-468.87,0.00,-295.39,0.00,0.00,0.00,-56.87,0.00,3334.35,3627.45,0.00,404076160,PAID
5579,McDonald's,946258,McDonald's (2401-TURNERSVILLE),2401,2024-09-02,USD,NULL,0.00,0.00,0.00,0.00,0.00,0.00,0.00,0.00,0.00,20.64,20.64,0.00,0.00,404076160,PAID
5579,McDonald's,946258,McDonald's (2401-TURNERSVILLE),2401,2024-08-26,USD,Marketplace,4128.75,260.04,-503.67,0.00,-202.52,0.00,0.00,0.00,-64.05,0.00,3618.55,3934.02,0.00,402508060,PAID
5579,McDonald's,946258,McDonald's (2401-TURNERSVILLE),2401,2024-08-26,USD,NULL,0.00,0.00,0.00,0.00,0.00,0.00,0.00,0.00,0.00,63.91,63.91,0.00,0.00,402508060,PAID
5579,McDonald's,946258,McDonald's (2401-TURNERSVILLE),2401,2024-08-19,USD,Marketplace,3753.32,237.58,-465.88,0.00,-167.77,0.00,0.00,0.00,-32.83,0.00,3324.42,3585.55,0.00,401065778,PAID
5579,McDonald's,946258,McDonald's (2401-TURNERSVILLE),2401,2024-08-19,USD,NULL,0.00,0.00,0.00,0.00,0.00,0.00,0.00,0.00,0.00,17.52,17.52,0.00,0.00,401065778,PAID
5579,McDonald's,946258,McDonald's (2401-TURNERSVILLE),2401,2024-08-12,USD,Marketplace,3503.76,230.62,-450.61,0.00,-22.17,0.00,0.00,0.00,-32.92,0.00,3228.68,3481.59,0.00,399607425,PAID
5579,McDonald's,946258,McDonald's (2401-TURNERSVILLE),2401,2024-08-12,USD,NULL,0.00,0.00,0.00,0.00,0.00,0.00,0.00,0.00,0.00,85.99,85.99,0.00,0.00,399607425,PAID
5579,McDonald's,946258,McDonald's (2401-TURNERSVILLE),2401,2024-08-05,USD,Marketplace,4016.38,265.01,-515.02,0.00,-14.98,0.00,0.00,0.00,-41.88,0.00,3709.51,4001.40,0.00,398146168,PAID
5579,McDonald's,946258,McDonald's (2401-TURNERSVILLE),2401,2024-08-05,USD,NULL,0.00,0.00,0.00,0.00,0.00,0.00,0.00,0.00,0.00,13.57,13.57,0.00,0.00,398146168,PAID
5579,McDonald's,946258,McDonald's (2401-TURNERSVILLE),2401,2024-07-29,USD,Marketplace,2713.76,174.73,-342.32,0.00,-76.70,0.00,0.00,0.00,-60.22,0.00,2409.25,2637.06,0.00,396682065,PAID
5579,McDonald's,946258,McDonald's (2401-TURNERSVILLE),2401,2024-07-29,USD,NULL,0.00,0.00,0.00,0.00,0.00,0.00,0.00,0.00,0.00,19.70,19.70,0.00,0.00,396682065,PAID
5579,McDonald's,946258,McDonald's (2401-TURNERSVILLE),2401,2024-07-22,USD,Marketplace,3939.59,260.05,-507.49,0.00,-14.98,0.00,0.00,0.00,-77.42,0.00,3599.75,3924.61,0.00,395244489,PAID
5579,McDonald's,946258,McDonald's (2401-TURNERSVILLE),2401,2024-07-22,USD,NULL,0.00,0.00,0.00,0.00,0.00,0.00,0.00,0.00,0.00,16.82,16.82,0.00,0.00,395244489,PAID
5579,McDonald's,946258,McDonald's (2401-TURNERSVILLE),2401,2024-07-15,USD,Marketplace,3363.97,217.14,-421.16,0.00,-85.91,0.00,0.00,0.00,-73.65,5.00,3005.39,3283.09,0.00,393834002,PAID
5579,McDonald's,946258,McDonald's (2401-TURNERSVILLE),2401,2024-07-15,USD,NULL,0.00,0.00,0.00,0.00,0.00,0.00,0.00,0.00,0.00,17.25,17.25,0.00,0.00,393834002,PAID
5579,McDonald's,946258,McDonald's (2401-TURNERSVILLE),2401,2024-07-08,USD,Marketplace,3450.60,204.85,-399.61,0.00,-358.25,0.00,0.00,0.00,-26.02,0.00,2871.57,3099.54,0.00,392446279,PAID
5579,McDonald's,946258,McDonald's (2401-TURNERSVILLE),2401,2024-07-08,USD,NULL,0.00,0.00,0.00,0.00,0.00,0.00,0.00,0.00,0.00,18.66,18.66,0.00,0.00,392446279,PAID
5579,McDonald's,946258,McDonald's (2401-TURNERSVILLE),2401,2024-07-01,USD,Marketplace,3732.48,230.19,-445.58,0.00,-257.63,0.00,0.00,0.00,-64.19,0.00,3195.27,3482.04,0.00,391059330,PAID
5579,McDonald's,946258,McDonald's (2401-TURNERSVILLE),2401,2024-07-01,USD,NULL,0.00,0.00,0.00,0.00,0.00,0.00,0.00,0.00,0.00,19.21,19.21,0.00,0.00,391059330,PAID
5579,McDonald's,946258,McDonald's (2401-TURNERSVILLE),2401,2024-06-24,USD,Marketplace,3842.01,233.35,-464.87,0.00,-319.04,0.00,0.00,0.00,-126.43,0.00,3165.02,3522.97,0.00,389655212,PAID
5579,McDonald's,946258,McDonald's (2401-TURNERSVILLE),2401,2024-06-24,USD,NULL,0.00,0.00,0.00,0.00,0.00,0.00,0.00,0.00,0.00,18.53,18.53,0.00,0.00,389655212,PAID
5579,McDonald's,946258,McDonald's (2401-TURNERSVILLE),2401,2024-06-17,USD,Marketplace,3705.70,233.11,-455.06,0.00,-187.54,0.00,0.00,0.00,-76.18,0.00,3220.03,3518.16,0.00,388264999,PAID
5579,McDonald's,946258,McDonald's (2401-TURNERSVILLE),2401,2024-06-17,USD,NULL,0.00,0.00,0.00,0.00,0.00,0.00,0.00,0.00,0.00,14.04,14.04,0.00,0.00,388264999,PAID
5579,McDonald's,946258,McDonald's (2401-TURNERSVILLE),2401,2024-06-10,USD,Marketplace,2807.13,184.46,-356.48,0.00,-22.17,0.00,0.00,0.00,-24.62,0.00,2588.32,2784.96,0.00,386885290,PAID
5579,McDonald's,946258,McDonald's (2401-TURNERSVILLE),2401,2024-06-10,USD,NULL,0.00,0.00,0.00,0.00,0.00,0.00,0.00,0.00,0.00,17.75,17.75,0.00,0.00,386885290,PAID
5579,McDonald's,946258,McDonald's (2401-TURNERSVILLE),2401,2024-06-03,USD,Marketplace,3550.70,225.25,-424.26,0.00,-150.99,0.00,0.00,0.00,-79.50,0.00,3121.20,3399.71,0.00,385482116,PAID
5579,McDonald's,946258,McDonald's (2401-TURNERSVILLE),2401,2024-06-03,USD,NULL,0.00,0.00,0.00,0.00,0.00,0.00,0.00,0.00,0.00,17.46,17.46,0.00,0.00,385482116,PAID
5579,McDonald's,946258,McDonald's (2401-TURNERSVILLE),2401,2024-05-27,USD,Marketplace,3491.44,224.60,-414.32,0.00,-101.26,0.00,0.00,0.00,-44.69,0.00,3155.77,3390.18,0.00,384099679,PAID
5579,McDonald's,946258,McDonald's (2401-TURNERSVILLE),2401,2024-05-27,USD,NULL,0.00,0.00,0.00,0.00,0.00,0.00,0.00,0.00,0.00,18.24,18.24,0.00,0.00,384099679,PAID
5579,McDonald's,946258,McDonald's (2401-TURNERSVILLE),2401,2024-05-20,USD,Marketplace,3648.51,235.45,-454.05,0.00,-94.64,0.00,0.00,0.00,-66.37,0.00,3268.90,3559.66,0.00,382703301,PAID
5579,McDonald's,946258,McDonald's (2401-TURNERSVILLE),2401,2024-05-20,USD,NULL,0.00,0.00,0.00,0.00,0.00,0.00,0.00,0.00,0.00,16.44,16.44,0.00,0.00,382703301,PAID
5579,McDonald's,946258,McDonald's (2401-TURNERSVILLE),2401,2024-05-13,USD,Marketplace,3287.72,214.24,-421.53,0.00,-54.11,0.00,0.00,0.00,-49.85,0.00,2976.47,3233.61,0.00,381352197,PAID
5579,McDonald's,946258,McDonald's (2401-TURNERSVILLE),2401,2024-05-13,USD,NULL,0.00,0.00,0.00,0.00,0.00,0.00,0.00,0.00,0.00,19.75,19.75,0.00,0.00,381352197,PAID
5579,McDonald's,946269,McDonald's (4884-WILLIAMSTOWN),4884,2024-09-02,USD,Marketplace,11478.37,706.95,-1405.17,0.00,-807.08,0.00,0.00,0.00,-134.64,3.85,9842.28,10685.67,0.00,404083263,PAID
5579,McDonald's,946269,McDonald's (4884-WILLIAMSTOWN),4884,2024-09-02,USD,NULL,0.00,0.00,0.00,0.00,0.00,0.00,0.00,0.00,0.00,54.21,54.21,0.00,0.00,404083263,PAID
5579,McDonald's,946269,McDonald's (4884-WILLIAMSTOWN),4884,2024-08-26,USD,Marketplace,10841.12,687.60,-1375.74,0.00,-461.36,0.00,0.00,0.00,-165.70,29.16,9555.08,10386.95,0.00,402518181,PAID
5579,McDonald's,946269,McDonald's (4884-WILLIAMSTOWN),4884,2024-08-26,USD,NULL,0.00,0.00,0.00,0.00,0.00,0.00,0.00,0.00,0.00,184.93,184.93,0.00,0.00,402518181,PAID
5579,McDonald's,946269,McDonald's (4884-WILLIAMSTOWN),4884,2024-08-19,USD,Marketplace,10464.52,676.13,-1344.83,0.00,-258.84,0.00,0.00,0.00,-170.83,53.68,9419.83,10205.68,0.00,401064044,PAID
5579,McDonald's,946269,McDonald's (4884-WILLIAMSTOWN),4884,2024-08-19,USD,NULL,0.00,0.00,0.00,0.00,0.00,0.00,0.00,0.00,0.00,47.70,47.70,0.00,0.00,401064044,PAID
5579,McDonald's,946269,McDonald's (4884-WILLIAMSTOWN),4884,2024-08-12,USD,Marketplace,9540.30,627.18,-1244.80,0.00,-73.10,0.00,0.00,0.00,-157.08,0.00,8692.50,9467.20,0.00,399619362,PAID
5579,McDonald's,946269,McDonald's (4884-WILLIAMSTOWN),4884,2024-08-12,USD,NULL,0.00,0.00,0.00,0.00,0.00,0.00,0.00,0.00,0.00,192.27,192.27,0.00,0.00,399619362,PAID
5579,McDonald's,946269,McDonald's (4884-WILLIAMSTOWN),4884,2024-08-05,USD,Marketplace,10789.53,705.31,-1374.84,0.00,-143.21,0.00,0.00,0.00,-110.92,0.00,9865.87,10646.32,0.00,398149957,PAID
5579,McDonald's,946269,McDonald's (4884-WILLIAMSTOWN),4884,2024-08-05,USD,NULL,0.00,0.00,0.00,0.00,0.00,0.00,0.00,0.00,0.00,54.73,54.73,0.00,0.00,398149957,PAID
5579,McDonald's,946269,McDonald's (4884-WILLIAMSTOWN),4884,2024-07-29,USD,Marketplace,10946.55,704.49,-1411.41,0.00,-312.19,0.00,0.00,0.00,-146.87,0.00,9780.57,10634.36,0.00,396688921,PAID
5579,McDonald's,946269,McDonald's (4884-WILLIAMSTOWN),4884,2024-07-29,USD,NULL,0.00,0.00,0.00,0.00,0.00,0.00,0.00,0.00,0.00,51.52,51.52,0.00,0.00,396688921,PAID
5579,McDonald's,946269,McDonald's (4884-WILLIAMSTOWN),4884,2024-07-22,USD,Marketplace,10303.01,678.70,-1352.63,0.00,-57.52,0.00,0.00,0.00,-218.81,0.00,9352.75,10245.49,0.00,395235871,PAID
5579,McDonald's,946269,McDonald's (4884-WILLIAMSTOWN),4884,2024-07-22,USD,NULL,0.00,0.00,0.00,0.00,0.00,0.00,0.00,0.00,0.00,53.78,53.78,0.00,0.00,395235871,PAID
5579,McDonald's,946269,McDonald's (4884-WILLIAMSTOWN),4884,2024-07-15,USD,Marketplace,10756.12,697.06,-1394.93,0.00,-234.87,0.00,0.00,0.00,-223.16,24.06,9624.28,10527.24,0.00,393836245,PAID
5579,McDonald's,946269,McDonald's (4884-WILLIAMSTOWN),4884,2024-07-15,USD,NULL,0.00,0.00,0.00,0.00,0.00,0.00,0.00,0.00,0.00,53.94,53.94,0.00,0.00,393836245,PAID
5579,McDonald's,946269,McDonald's (4884-WILLIAMSTOWN),4884,2024-07-08,USD,Marketplace,10787.24,656.92,-1289.34,0.00,-875.77,0.00,0.00,0.00,-328.58,1.52,8951.99,9932.44,0.00,392444060,PAID
5579,McDonald's,946269,McDonald's (4884-WILLIAMSTOWN),4884,2024-07-08,USD,NULL,0.00,0.00,0.00,0.00,0.00,0.00,0.00,0.00,0.00,39.18,39.18,0.00,0.00,392444060,PAID
5579,McDonald's,946269,McDonald's (4884-WILLIAMSTOWN),4884,2024-07-01,USD,Marketplace,7835.85,493.32,-978.44,0.00,-389.92,0.00,0.00,0.00,-111.83,0.00,6848.98,7453.12,0.00,391057131,PAID
5579,McDonald's,946269,McDonald's (4884-WILLIAMSTOWN),4884,2024-07-01,USD,NULL,0.00,0.00,0.00,0.00,0.00,0.00,0.00,0.00,0.00,53.73,53.73,0.00,0.00,391057131,PAID
5579,McDonald's,946269,McDonald's (4884-WILLIAMSTOWN),4884,2024-06-24,USD,Marketplace,10746.13,667.33,-1320.48,0.00,-672.87,0.00,0.00,0.00,-128.21,0.00,9291.90,10078.29,0.00,389657911,PAID
5579,McDonald's,946269,McDonald's (4884-WILLIAMSTOWN),4884,2024-06-24,USD,NULL,0.00,0.00,0.00,0.00,0.00,0.00,0.00,0.00,0.00,48.29,48.29,0.00,0.00,389657911,PAID
5579,McDonald's,946269,McDonald's (4884-WILLIAMSTOWN),4884,2024-06-17,USD,Marketplace,9657.71,611.67,-1214.94,0.00,-424.21,0.00,0.00,0.00,-142.80,0.00,8487.43,9247.88,0.00,388263999,PAID
5579,McDonald's,946269,McDonald's (4884-WILLIAMSTOWN),4884,2024-06-17,USD,NULL,0.00,0.00,0.00,0.00,0.00,0.00,0.00,0.00,0.00,51.73,51.73,0.00,0.00,388263999,PAID
5579,McDonald's,946269,McDonald's (4884-WILLIAMSTOWN),4884,2024-06-10,USD,Marketplace,10346.90,681.08,-1350.42,0.00,-64.71,0.00,0.00,0.00,-131.28,14.70,9496.27,10282.19,0.00,386883783,PAID
5579,McDonald's,946269,McDonald's (4884-WILLIAMSTOWN),4884,2024-06-10,USD,NULL,0.00,0.00,0.00,0.00,0.00,0.00,0.00,0.00,0.00,52.25,52.25,0.00,0.00,386883783,PAID
5579,McDonald's,946269,McDonald's (4884-WILLIAMSTOWN),4884,2024-06-03,USD,Marketplace,10450.37,660.84,-1276.31,0.00,-475.74,0.00,0.00,0.00,-266.00,0.00,9093.16,9989.01,0.00,385481737,PAID
5579,McDonald's,946269,McDonald's (4884-WILLIAMSTOWN),4884,2024-06-03,USD,NULL,0.00,0.00,0.00,0.00,0.00,0.00,0.00,0.00,0.00,50.90,50.90,0.00,0.00,385481737,PAID
5579,McDonald's,946269,McDonald's (4884-WILLIAMSTOWN),4884,2024-05-27,USD,Marketplace,10179.18,646.66,-1217.31,0.00,-417.62,0.00,0.00,0.00,-96.95,30.21,9124.17,9761.56,0.00,384094041,PAID
5579,McDonald's,946269,McDonald's (4884-WILLIAMSTOWN),4884,2024-05-27,USD,NULL,0.00,0.00,0.00,0.00,0.00,0.00,0.00,0.00,0.00,55.03,55.03,0.00,0.00,384094041,PAID
5579,McDonald's,946269,McDonald's (4884-WILLIAMSTOWN),4884,2024-05-20,USD,Marketplace,11006.89,710.18,-1408.83,0.00,-286.51,0.00,0.00,0.00,-165.02,0.00,9856.71,10720.38,0.00,382696144,PAID
5579,McDonald's,946269,McDonald's (4884-WILLIAMSTOWN),4884,2024-05-20,USD,NULL,0.00,0.00,0.00,0.00,0.00,0.00,0.00,0.00,0.00,51.59,51.59,0.00,0.00,382696144,PAID
5579,McDonald's,946269,McDonald's (4884-WILLIAMSTOWN),4884,2024-05-13,USD,Marketplace,10317.45,673.65,-1331.98,0.00,-146.97,0.00,0.00,0.00,-256.27,39.54,9295.42,10170.48,0.00,381354429,PAID
5579,McDonald's,946269,McDonald's (4884-WILLIAMSTOWN),4884,2024-05-13,USD,NULL,0.00,0.00,0.00,0.00,0.00,0.00,0.00,0.00,0.00,61.14,61.14,0.00,0.00,381354429,PAID
5579,McDonald's,1544219,McDonald's (22137 - WRIGHTSTOWN),22137,2024-09-02,USD,Marketplace,3755.23,231.12,-440.49,0.00,-269.89,0.00,0.00,0.00,-82.66,23.67,3216.98,3488.31,0.00,404084448,PAID
5579,McDonald's,1544219,McDonald's (22137 - WRIGHTSTOWN),22137,2024-09-02,USD,NULL,0.00,0.00,0.00,0.00,0.00,0.00,0.00,0.00,0.00,13.87,13.87,0.00,0.00,404084448,PAID
5579,McDonald's,1544219,McDonald's (22137 - WRIGHTSTOWN),22137,2024-08-26,USD,Marketplace,3336.41,209.68,-400.55,0.00,-182.79,0.00,0.00,0.00,-13.87,0.00,2948.88,3164.77,0.00,402516482,PAID
5579,McDonald's,1544219,McDonald's (22137 - WRIGHTSTOWN),22137,2024-08-26,USD,NULL,0.00,0.00,0.00,0.00,0.00,0.00,0.00,0.00,0.00,51.96,51.96,0.00,0.00,402516482,PAID
5579,McDonald's,1544219,McDonald's (22137 - WRIGHTSTOWN),22137,2024-08-19,USD,Marketplace,2998.70,189.05,-353.60,0.00,-147.99,0.00,0.00,0.00,-27.27,27.41,2686.30,2853.68,0.00,401060639,PAID
5579,McDonald's,1544219,McDonald's (22137 - WRIGHTSTOWN),22137,2024-08-19,USD,NULL,0.00,0.00,0.00,0.00,0.00,0.00,0.00,0.00,0.00,16.98,16.98,0.00,0.00,401060639,PAID
5579,McDonald's,1544219,McDonald's (22137 - WRIGHTSTOWN),22137,2024-08-12,USD,Marketplace,3395.55,223.06,-416.04,0.00,-31.23,0.00,0.00,0.00,-47.64,48.45,3172.15,3367.29,0.00,399617043,PAID
5579,McDonald's,1544219,McDonald's (22137 - WRIGHTSTOWN),22137,2024-08-12,USD,NULL,0.00,0.00,0.00,0.00,0.00,0.00,0.00,0.00,0.00,52.90,52.90,0.00,0.00,399617043,PAID
5579,McDonald's,1544219,McDonald's (22137 - WRIGHTSTOWN),22137,2024-08-05,USD,Marketplace,3056.11,199.92,-377.92,0.00,-38.35,0.00,0.00,0.00,-30.13,30.69,2840.32,3017.76,0.00,398153439,PAID
5579,McDonald's,1544219,McDonald's (22137 - WRIGHTSTOWN),22137,2024-08-05,USD,NULL,0.00,0.00,0.00,0.00,0.00,0.00,0.00,0.00,0.00,12.73,12.73,0.00,0.00,398153439,PAID
5579,McDonald's,1544219,McDonald's (22137 - WRIGHTSTOWN),22137,2024-07-29,USD,Marketplace,2546.61,164.08,-308.24,0.00,-69.51,0.00,0.00,0.00,-13.69,0.00,2319.25,2477.10,0.00,396685858,PAID
5579,McDonald's,1544219,McDonald's (22137 - WRIGHTSTOWN),22137,2024-07-29,USD,NULL,0.00,0.00,0.00,0.00,0.00,0.00,0.00,0.00,0.00,13.85,13.85,0.00,0.00,396685858,PAID
5579,McDonald's,1544219,McDonald's (22137 - WRIGHTSTOWN),22137,2024-07-22,USD,Marketplace,2769.90,181.97,-340.36,0.00,-22.77,0.00,0.00,0.00,-50.96,0.00,2537.78,2747.13,0.00,395249918,PAID
5579,McDonald's,1544219,McDonald's (22137 - WRIGHTSTOWN),22137,2024-07-22,USD,NULL,0.00,0.00,0.00,0.00,0.00,0.00,0.00,0.00,0.00,17.84,17.84,0.00,0.00,395249918,PAID
5579,McDonald's,1544219,McDonald's (22137 - WRIGHTSTOWN),22137,2024-07-15,USD,Marketplace,3568.82,230.80,-439.34,0.00,-85.07,0.00,0.00,0.00,-34.65,9.97,3250.53,3483.75,0.00,393827512,PAID
5579,McDonald's,1544219,McDonald's (22137 - WRIGHTSTOWN),22137,2024-07-15,USD,NULL,0.00,0.00,0.00,0.00,0.00,0.00,0.00,0.00,0.00,25.87,25.87,0.00,0.00,393827512,PAID
5579,McDonald's,1544219,McDonald's (22137 - WRIGHTSTOWN),22137,2024-07-08,USD,Marketplace,3565.97,219.18,-410.84,0.00,-257.48,0.00,0.00,0.00,-12.93,29.59,3133.49,3315.68,0.00,392446459,PAID
5579,McDonald's,1544219,McDonald's (22137 - WRIGHTSTOWN),22137,2024-07-01,USD,Marketplace,3618.23,228.83,-438.43,0.00,-165.24,0.00,0.00,0.00,-12.94,0.00,3230.45,3452.99,0.00,391062938,PAID
5579,McDonald's,1544219,McDonald's (22137 - WRIGHTSTOWN),22137,2024-07-01,USD,NULL,0.00,0.00,0.00,0.00,0.00,0.00,0.00,0.00,0.00,9.75,9.75,0.00,0.00,391062938,PAID
5579,McDonald's,1544219,McDonald's (22137 - WRIGHTSTOWN),22137,2024-06-24,USD,Marketplace,3800.78,235.90,-446.94,0.00,-240.18,0.00,0.00,0.00,-9.75,0.00,3339.81,3567.79,0.00,389663521,PAID
5579,McDonald's,1544219,McDonald's (22137 - WRIGHTSTOWN),22137,2024-06-24,USD,NULL,0.00,0.00,0.00,0.00,0.00,0.00,0.00,0.00,0.00,17.27,17.27,0.00,0.00,389663521,PAID
5579,McDonald's,1544219,McDonald's (22137 - WRIGHTSTOWN),22137,2024-06-17,USD,Marketplace,3454.56,221.28,-417.25,0.00,-115.04,0.00,0.00,0.00,-33.42,8.20,3118.33,3339.52,0.00,388263707,PAID
5579,McDonald's,1544219,McDonald's (22137 - WRIGHTSTOWN),22137,2024-06-17,USD,NULL,0.00,0.00,0.00,0.00,0.00,0.00,0.00,0.00,0.00,8.20,8.20,0.00,0.00,388263707,PAID
5579,McDonald's,1544219,McDonald's (22137 - WRIGHTSTOWN),22137,2024-06-10,USD,Marketplace,3471.28,229.02,-437.52,0.00,-14.38,0.00,0.00,0.00,-8.20,49.72,3289.92,3456.90,0.00,386876186,PAID
5579,McDonald's,1544219,McDonald's (22137 - WRIGHTSTOWN),22137,2024-06-10,USD,NULL,0.00,0.00,0.00,0.00,0.00,0.00,0.00,0.00,0.00,19.88,19.88,0.00,0.00,386876186,PAID
5579,McDonald's,1544219,McDonald's (22137 - WRIGHTSTOWN),22137,2024-06-03,USD,Marketplace,3975.32,251.91,-463.12,0.00,-173.16,0.00,0.00,0.00,-57.41,9.05,3542.59,3802.16,0.00,385483090,PAID
5579,McDonald's,1544219,McDonald's (22137 - WRIGHTSTOWN),22137,2024-06-03,USD,NULL,0.00,0.00,0.00,0.00,0.00,0.00,0.00,0.00,0.00,10.30,10.30,0.00,0.00,385483090,PAID
5579,McDonald's,1544219,McDonald's (22137 - WRIGHTSTOWN),22137,2024-05-27,USD,Marketplace,3648.85,231.25,-418.31,0.00,-158.18,0.00,0.00,0.00,-10.30,59.87,3353.18,3490.67,0.00,384102568,PAID
5579,McDonald's,1544219,McDonald's (22137 - WRIGHTSTOWN),22137,2024-05-27,USD,NULL,0.00,0.00,0.00,0.00,0.00,0.00,0.00,0.00,0.00,18.72,18.72,0.00,0.00,384102568,PAID
5579,McDonald's,1544219,McDonald's (22137 - WRIGHTSTOWN),22137,2024-05-20,USD,Marketplace,3743.50,242.52,-464.46,0.00,-83.06,0.00,0.00,0.00,-22.27,0.00,3416.23,3660.44,0.00,382706479,PAID
5579,McDonald's,1544219,McDonald's (22137 - WRIGHTSTOWN),22137,2024-05-20,USD,NULL,0.00,0.00,0.00,0.00,0.00,0.00,0.00,0.00,0.00,15.77,15.77,0.00,0.00,382706479,PAID
5579,McDonald's,1544219,McDonald's (22137 - WRIGHTSTOWN),22137,2024-05-13,USD,Marketplace,3154.16,206.15,-391.16,0.00,-43.33,0.00,0.00,0.00,-75.68,0.00,2850.14,3110.83,0.00,381347444,PAID
5579,McDonald's,1544219,McDonald's (22137 - WRIGHTSTOWN),22137,2024-05-13,USD,NULL,0.00,0.00,0.00,0.00,0.00,0.00,0.00,0.00,0.00,18.13,18.13,0.00,0.00,381347444,PAID
5579,McDonald's,1544237,"McDonald's (21452 - RT 545, BROWNS MILLS)",21452,2024-09-02,USD,Marketplace,7493.00,461.09,-869.92,0.00,-534.46,0.00,0.00,0.00,-105.75,0.00,6443.96,6972.92,0.00,404074186,PAID
5579,McDonald's,1544237,"McDonald's (21452 - RT 545, BROWNS MILLS)",21452,2024-09-02,USD,NULL,0.00,0.00,0.00,0.00,0.00,0.00,0.00,0.00,0.00,37.87,37.87,0.00,0.00,404074186,PAID
5579,McDonald's,1544237,"McDonald's (21452 - RT 545, BROWNS MILLS)",21452,2024-08-26,USD,Marketplace,7573.39,480.24,-924.90,0.00,-323.55,0.00,0.00,0.00,-209.93,0.00,6595.25,7278.60,0.00,402509086,PAID
5579,McDonald's,1544237,"McDonald's (21452 - RT 545, BROWNS MILLS)",21452,2024-08-26,USD,NULL,0.00,0.00,0.00,0.00,0.00,0.00,0.00,0.00,0.00,129.88,129.88,0.00,0.00,402509086,PAID
5579,McDonald's,1544237,"McDonald's (21452 - RT 545, BROWNS MILLS)",21452,2024-08-19,USD,Marketplace,8917.67,568.17,-1078.84,0.00,-339.13,0.00,0.00,0.00,-260.33,61.97,7869.51,8585.73,0.00,401055450,PAID
5579,McDonald's,1544237,"McDonald's (21452 - RT 545, BROWNS MILLS)",21452,2024-08-19,USD,NULL,0.00,0.00,0.00,0.00,0.00,0.00,0.00,0.00,0.00,38.91,38.91,0.00,0.00,401055450,PAID
5579,McDonald's,1544237,"McDonald's (21452 - RT 545, BROWNS MILLS)",21452,2024-08-12,USD,Marketplace,7781.61,512.62,-975.81,0.00,-43.14,0.00,0.00,0.00,-142.95,74.70,7207.03,7738.47,0.00,399616377,PAID
5579,McDonald's,1544237,"McDonald's (21452 - RT 545, BROWNS MILLS)",21452,2024-08-12,USD,NULL,0.00,0.00,0.00,0.00,0.00,0.00,0.00,0.00,0.00,123.94,123.94,0.00,0.00,399616377,PAID
5579,McDonald's,1544237,"McDonald's (21452 - RT 545, BROWNS MILLS)",21452,2024-08-05,USD,Marketplace,7177.60,469.92,-889.39,0.00,-84.49,0.00,0.00,0.00,-112.24,0.00,6561.40,7093.11,0.00,398154058,PAID
5579,McDonald's,1544237,"McDonald's (21452 - RT 545, BROWNS MILLS)",21452,2024-08-05,USD,NULL,0.00,0.00,0.00,0.00,0.00,0.00,0.00,0.00,0.00,36.79,36.79,0.00,0.00,398154058,PAID
5579,McDonald's,1544237,"McDonald's (21452 - RT 545, BROWNS MILLS)",21452,2024-07-29,USD,Marketplace,7357.71,476.70,-897.74,0.00,-162.39,0.00,0.00,0.00,-206.12,262.29,6830.45,7203.11,0.00,396682541,PAID
5579,McDonald's,1544237,"McDonald's (21452 - RT 545, BROWNS MILLS)",21452,2024-07-29,USD,NULL,0.00,0.00,0.00,0.00,0.00,0.00,0.00,0.00,0.00,45.10,45.10,0.00,0.00,396682541,PAID
5579,McDonald's,1544237,"McDonald's (21452 - RT 545, BROWNS MILLS)",21452,2024-07-22,USD,Marketplace,9019.72,594.26,-1141.58,0.00,-50.93,0.00,0.00,0.00,-161.60,15.54,8275.41,8968.79,0.00,395248989,PAID
5579,McDonald's,1544237,"McDonald's (21452 - RT 545, BROWNS MILLS)",21452,2024-07-22,USD,NULL,0.00,0.00,0.00,0.00,0.00,0.00,0.00,0.00,0.00,34.99,34.99,0.00,0.00,395248989,PAID
5579,McDonald's,1544237,"McDonald's (21452 - RT 545, BROWNS MILLS)",21452,2024-07-15,USD,Marketplace,6997.38,454.67,-863.01,0.00,-134.31,0.00,0.00,0.00,-158.29,26.42,6322.86,6863.07,0.00,393838329,PAID
5579,McDonald's,1544237,"McDonald's (21452 - RT 545, BROWNS MILLS)",21452,2024-07-15,USD,NULL,0.00,0.00,0.00,0.00,0.00,0.00,0.00,0.00,0.00,81.58,81.58,0.00,0.00,393838329,PAID
5579,McDonald's,1544237,"McDonald's (21452 - RT 545, BROWNS MILLS)",21452,2024-07-08,USD,Marketplace,8679.89,528.60,-1003.76,0.00,-700.53,0.00,0.00,0.00,-56.74,117.32,7564.78,7979.36,0.00,392444938,PAID
5579,McDonald's,1544237,"McDonald's (21452 - RT 545, BROWNS MILLS)",21452,2024-07-01,USD,Marketplace,7636.14,480.07,-909.69,0.00,-388.95,0.00,0.00,0.00,-53.45,0.00,6764.12,7260.97,0.00,391061205,PAID
5579,McDonald's,1544237,"McDonald's (21452 - RT 545, BROWNS MILLS)",21452,2024-07-01,USD,NULL,0.00,0.00,0.00,0.00,0.00,0.00,0.00,0.00,0.00,42.72,42.72,0.00,0.00,391061205,PAID
5579,McDonald's,1544237,"McDonald's (21452 - RT 545, BROWNS MILLS)",21452,2024-06-24,USD,Marketplace,8568.28,534.96,-1017.50,0.00,-493.58,0.00,0.00,0.00,-136.33,12.39,7468.22,8081.89,0.00,389655254,PAID
5579,McDonald's,1544237,"McDonald's (21452 - RT 545, BROWNS MILLS)",21452,2024-06-24,USD,NULL,0.00,0.00,0.00,0.00,0.00,0.00,0.00,0.00,0.00,35.68,35.68,0.00,0.00,389655254,PAID
5579,McDonald's,1544237,"McDonald's (21452 - RT 545, BROWNS MILLS)",21452,2024-06-17,USD,Marketplace,7111.24,449.72,-841.87,0.00,-323.55,0.00,0.00,0.00,-89.48,89.95,6396.01,6794.88,0.00,388263758,PAID
5579,McDonald's,1544237,"McDonald's (21452 - RT 545, BROWNS MILLS)",21452,2024-06-17,USD,NULL,0.00,0.00,0.00,0.00,0.00,0.00,0.00,0.00,0.00,32.29,32.29,0.00,0.00,388263758,PAID
5579,McDonald's,1544237,"McDonald's (21452 - RT 545, BROWNS MILLS)",21452,2024-06-10,USD,Marketplace,6457.26,426.77,-806.45,0.00,-15.58,0.00,0.00,0.00,-108.20,68.14,6021.94,6441.68,0.00,386877725,PAID
5579,McDonald's,1544237,"McDonald's (21452 - RT 545, BROWNS MILLS)",21452,2024-06-10,USD,NULL,0.00,0.00,0.00,0.00,0.00,0.00,0.00,0.00,0.00,40.32,40.32,0.00,0.00,386877725,PAID
5579,McDonald's,1544237,"McDonald's (21452 - RT 545, BROWNS MILLS)",21452,2024-06-03,USD,Marketplace,8063.10,502.34,-968.35,0.00,-482.33,0.00,0.00,0.00,-84.60,11.92,7042.08,7595.15,0.00,385489015,PAID
5579,McDonald's,1544237,"McDonald's (21452 - RT 545, BROWNS MILLS)",21452,2024-06-03,USD,NULL,0.00,0.00,0.00,0.00,0.00,0.00,0.00,0.00,0.00,36.74,36.74,0.00,0.00,385489015,PAID
5579,McDonald's,1544237,"McDonald's (21452 - RT 545, BROWNS MILLS)",21452,2024-05-27,USD,Marketplace,7347.65,471.06,-898.14,0.00,-237.27,0.00,0.00,0.00,-117.37,175.97,6741.90,7124.76,0.00,384095208,PAID
5579,McDonald's,1544237,"McDonald's (21452 - RT 545, BROWNS MILLS)",21452,2024-05-27,USD,NULL,0.00,0.00,0.00,0.00,0.00,0.00,0.00,0.00,0.00,42.13,42.13,0.00,0.00,384095208,PAID
5579,McDonald's,1544237,"McDonald's (21452 - RT 545, BROWNS MILLS)",21452,2024-05-20,USD,Marketplace,8426.87,541.31,-1024.18,0.00,-256.16,0.00,0.00,0.00,-110.74,114.03,7691.13,8170.71,0.00,382702828,PAID
5579,McDonald's,1544237,"McDonald's (21452 - RT 545, BROWNS MILLS)",21452,2024-05-20,USD,NULL,0.00,0.00,0.00,0.00,0.00,0.00,0.00,0.00,0.00,39.37,39.37,0.00,0.00,382702828,PAID
5579,McDonald's,1544237,"McDonald's (21452 - RT 545, BROWNS MILLS)",21452,2024-05-13,USD,Marketplace,7874.94,515.03,-973.04,0.00,-101.23,0.00,0.00,0.00,-160.65,0.00,7155.05,7773.71,0.00,381347897,PAID
5579,McDonald's,1544237,"McDonald's (21452 - RT 545, BROWNS MILLS)",21452,2024-05-13,USD,NULL,0.00,0.00,0.00,0.00,0.00,0.00,0.00,0.00,0.00,40.06,40.06,0.00,0.00,381347897,PAID
